Solucion,Ruta,Saltos,Latencia,Perdida,Jitter,AnchoBanda,Seed
1,52->18->0->96,3,76.00926963713992,0.0018911284788719,5.482324348171019,191.39825806115925,1
2,52->18->0->4->96,4,49.20042703072031,0.004568564824496,7.148326169594593,191.39825806115925,1
3,52->8->26->5->96,4,54.67184394729789,0.007020244694735,4.635326058370969,104.9906452443194,1
4,52->8->31->0->4->96,5,32.595099345668615,0.0094881357057065,8.997522501124422,87.36729559635947,1
5,52->18->7->39->5->96,5,97.24147504105616,0.0094483477389912,2.799579872320858,191.39825806115925,1
6,52->19->5->96,3,78.48369407641349,0.0051094211668836,4.774695711559714,237.02158543918435,1
7,52->18->7->5->96,4,80.10943367094109,0.0079254339601771,3.3074576583270625,191.39825806115925,1
8,52->19->22->96,3,104.0888706151946,0.0048824634410687,6.668926761412449,237.02158543918435,1
9,52->19->26->5->96,4,85.33211317188263,0.0057636462204131,3.3698800742141355,129.61621770616708,1
10,52->40->6->5->96,4,71.88285198784207,0.0065173839518483,7.805829597834694,437.82494266122296,1
11,52->19->9->4->96,4,76.10462171210511,0.0074882317174171,5.373128045900009,237.02158543918435,1
12,52->40->6->0->96,4,117.8183757689714,0.0065034124565241,9.48272492796548,329.225065645651,1
13,52->8->41->5->96,4,70.16844484173127,0.0068394615602183,5.588022128735142,104.9906452443194,1
14,52->19->18->7->5->96,5,97.14482441426442,0.0106423557371957,4.74660430132167,237.02158543918435,1
15,52->40->6->18->0->96,5,114.50149034138984,0.0058525566157039,13.434624384500104,444.7787074988309,1
16,52->18->50->55->5->96,5,115.51562361105816,0.0082035489912309,3.0303458827448297,191.39825806115925,1
17,52->18->0->5->96,4,75.60181910067071,0.005578090475268,3.8980187632171095,191.39825806115925,1
18,52->19->45->0->4->96,5,75.30522030674594,0.0082149389092333,7.385226162925992,195.0598831034584,1
19,52->8->71->5->96,4,55.96905905010976,0.0070031171467477,5.1201135864508815,104.9906452443194,1
20,52->19->18->0->4->96,5,66.23581777404365,0.0072946798125587,8.587472812589201,237.02158543918435,1
21,52->19->18->0->96,4,93.04466038046326,0.00462457596528,6.921470991165626,237.02158543918435,1
22,52->19->45->0->5->96,5,101.70661237669634,0.0092207665572692,4.134918756548508,195.0598831034584,1
23,52->8->35->0->4->96,5,39.90176115582595,0.0124245007900364,9.318790641110626,104.9906452443194,1
24,52->19->9->4->5->96,5,105.86491211490254,0.0082336050958513,4.141683309716964,202.8870475816289,1
25,52->19->9->0->4->96,5,63.78270741990531,0.008596878873352,8.28198638238044,237.02158543918435,1
26,52->8->20->5->96,4,56.78412120989967,0.0069031823385388,6.701224152072496,104.9906452443194,1
27,52->19->18->50->55->5->96,6,132.55101435438152,0.0109197091150328,4.469492525739437,237.02158543918435,1
28,52->19->60->33->54->0->96,6,154.38727453181798,0.0043924035876907,10.814252083390643,237.02158543918435,1
29,52->19->60->33->54->18->0->96,7,145.69595689863343,0.0039800707773183,12.042140286812815,237.02158543918435,1
30,52->40->24->7->3->0->96,6,126.86134130128086,0.0063660402246655,14.256351135371848,508.4479901465887,1
31,52->8->26->7->18->0->4->96,7,48.52194631209497,0.0092505115651574,13.167264405016148,104.9906452443194,1
32,52->8->41->0->4->96,5,45.220932391797305,0.0113468481075127,10.420705252387588,104.9906452443194,1
1,52->18->7->5->96,4,80.10943367094109,0.0079254339601771,3.3074576583270625,191.39825806115925,2
2,52->18->0->96,3,76.00926963713992,0.0018911284788719,5.482324348171019,191.39825806115925,2
3,52->8->31->0->4->96,5,32.595099345668615,0.0094881357057065,8.997522501124422,87.36729559635947,2
4,52->8->26->5->96,4,54.67184394729789,0.007020244694735,4.635326058370969,104.9906452443194,2
5,52->18->0->4->96,4,49.20042703072031,0.004568564824496,7.148326169594593,191.39825806115925,2
6,52->18->0->5->96,4,75.60181910067071,0.005578090475268,3.8980187632171095,191.39825806115925,2
7,52->19->9->4->96,4,76.10462171210511,0.0074882317174171,5.373128045900009,237.02158543918435,2
8,52->19->22->96,3,104.0888706151946,0.0048824634410687,6.668926761412449,237.02158543918435,2
9,52->19->9->0->4->96,5,63.78270741990531,0.008596878873352,8.28198638238044,237.02158543918435,2
10,52->40->6->5->96,4,71.88285198784207,0.0065173839518483,7.805829597834694,437.82494266122296,2
11,52->19->5->96,3,78.48369407641349,0.0051094211668836,4.774695711559714,237.02158543918435,2
12,52->8->41->5->96,4,70.16844484173127,0.0068394615602183,5.588022128735142,104.9906452443194,2
13,52->40->6->0->96,4,117.8183757689714,0.0065034124565241,9.48272492796548,329.225065645651,2
14,52->19->18->0->96,4,93.04466038046326,0.00462457596528,6.921470991165626,237.02158543918435,2
15,52->19->26->5->96,4,85.33211317188263,0.0057636462204131,3.3698800742141355,129.61621770616708,2
16,52->8->71->5->96,4,55.96905905010976,0.0070031171467477,5.1201135864508815,104.9906452443194,2
17,52->19->9->4->5->96,5,105.86491211490254,0.0082336050958513,4.141683309716964,202.8870475816289,2
18,52->19->18->50->55->5->96,6,132.55101435438152,0.0109197091150328,4.469492525739437,237.02158543918435,2
19,52->18->50->55->5->96,5,115.51562361105816,0.0082035489912309,3.0303458827448297,191.39825806115925,2
20,52->18->0->13->5->96,5,72.8039050971172,0.0083967940847501,6.181263242014537,132.02530363108585,2
21,52->8->20->5->96,4,56.78412120989967,0.0069031823385388,6.701224152072496,104.9906452443194,2
22,52->18->7->39->5->96,5,97.24147504105616,0.0094483477389912,2.799579872320858,191.39825806115925,2
23,52->19->45->0->5->96,5,101.70661237669634,0.0092207665572692,4.134918756548508,195.0598831034584,2
24,52->19->45->0->4->96,5,75.30522030674594,0.0082149389092333,7.385226162925992,195.0598831034584,2
25,52->18->7->13->5->96,5,74.9922787761628,0.0102290171823732,5.01415986307217,132.02530363108585,2
26,52->19->18->0->4->96,5,66.23581777404365,0.0072946798125587,8.587472812589201,237.02158543918435,2
27,52->40->24->7->3->0->96,6,126.86134130128086,0.0063660402246655,14.256351135371848,508.4479901465887,2
28,52->8->41->0->4->96,5,45.220932391797305,0.0113468481075127,10.420705252387588,104.9906452443194,2
29,52->19->18->7->5->96,5,97.14482441426442,0.0106423557371957,4.74660430132167,237.02158543918435,2
30,52->8->35->0->4->96,5,39.90176115582595,0.0124245007900364,9.318790641110626,104.9906452443194,2
31,52->40->6->27->8->3->0->96,7,140.92618138594975,0.0074267551466047,14.004084954468254,444.7787074988309,2
1,52->8->31->0->4->96,5,32.595099345668615,0.0094881357057065,8.997522501124422,87.36729559635947,3
2,52->18->0->4->96,4,49.20042703072031,0.004568564824496,7.148326169594593,191.39825806115925,3
3,52->18->0->96,3,76.00926963713992,0.0018911284788719,5.482324348171019,191.39825806115925,3
4,52->18->7->5->96,4,80.10943367094109,0.0079254339601771,3.3074576583270625,191.39825806115925,3
5,52->19->5->96,3,78.48369407641349,0.0051094211668836,4.774695711559714,237.02158543918435,3
6,52->8->26->5->96,4,54.67184394729789,0.007020244694735,4.635326058370969,104.9906452443194,3
7,52->18->0->5->96,4,75.60181910067071,0.005578090475268,3.8980187632171095,191.39825806115925,3
8,52->19->26->5->96,4,85.33211317188263,0.0057636462204131,3.3698800742141355,129.61621770616708,3
9,52->40->6->5->96,4,71.88285198784207,0.0065173839518483,7.805829597834694,437.82494266122296,3
10,52->19->22->96,3,104.0888706151946,0.0048824634410687,6.668926761412449,237.02158543918435,3
11,52->19->9->4->96,4,76.10462171210511,0.0074882317174171,5.373128045900009,237.02158543918435,3
12,52->19->9->0->4->96,5,63.78270741990531,0.008596878873352,8.28198638238044,237.02158543918435,3
13,52->19->18->0->96,4,93.04466038046326,0.00462457596528,6.921470991165626,237.02158543918435,3
14,52->19->9->4->5->96,5,105.86491211490254,0.0082336050958513,4.141683309716964,202.8870475816289,3
15,52->40->6->0->96,4,117.8183757689714,0.0065034124565241,9.48272492796548,329.225065645651,3
16,52->40->24->7->3->0->96,6,126.86134130128086,0.0063660402246655,14.256351135371848,508.4479901465887,3
17,52->19->45->0->4->96,5,75.30522030674594,0.0082149389092333,7.385226162925992,195.0598831034584,3
18,52->18->7->39->5->96,5,97.24147504105616,0.0094483477389912,2.799579872320858,191.39825806115925,3
19,52->19->60->33->54->18->0->96,7,145.69595689863343,0.0039800707773183,12.042140286812815,237.02158543918435,3
20,52->40->6->18->0->96,5,114.50149034138984,0.0058525566157039,13.434624384500104,444.7787074988309,3
21,52->8->71->5->96,4,55.96905905010976,0.0070031171467477,5.1201135864508815,104.9906452443194,3
22,52->8->20->5->96,4,56.78412120989967,0.0069031823385388,6.701224152072496,104.9906452443194,3
23,52->40->24->7->18->0->96,6,123.43456518764305,0.0063524638055224,14.784011827385644,502.5541629259638,3
24,52->8->41->5->96,4,70.16844484173127,0.0068394615602183,5.588022128735142,104.9906452443194,3
25,52->18->7->13->5->96,5,74.9922787761628,0.0102290171823732,5.01415986307217,132.02530363108585,3
26,52->19->18->50->55->5->96,6,132.55101435438152,0.0109197091150328,4.469492525739437,237.02158543918435,3
27,52->18->50->55->5->96,5,115.51562361105816,0.0082035489912309,3.0303458827448297,191.39825806115925,3
28,52->19->60->33->54->0->96,6,154.38727453181798,0.0043924035876907,10.814252083390643,237.02158543918435,3
29,52->19->18->0->4->96,5,66.23581777404365,0.0072946798125587,8.587472812589201,237.02158543918435,3
30,52->19->18->7->5->96,5,97.14482441426442,0.0106423557371957,4.74660430132167,237.02158543918435,3
31,52->19->18->7->39->5->96,6,114.2768657843795,0.0121610988238543,4.238726515315466,237.02158543918435,3
32,52->8->41->0->4->96,5,45.220932391797305,0.0113468481075127,10.420705252387588,104.9906452443194,3
33,52->40->24->22->19->18->0->96,7,129.84967903920108,0.0092464828424889,13.48844256489415,461.04803269298617,3
34,52->19->45->0->5->96,5,101.70661237669634,0.0092207665572692,4.134918756548508,195.0598831034584,3
35,52->8->26->7->18->0->4->96,7,48.52194631209497,0.0092505115651574,13.167264405016148,104.9906452443194,3
1,52->18->0->96,3,76.00926963713992,0.0018911284788719,5.482324348171019,191.39825806115925,4
2,52->8->31->0->4->96,5,32.595099345668615,0.0094881357057065,8.997522501124422,87.36729559635947,4
3,52->18->7->5->96,4,80.10943367094109,0.0079254339601771,3.3074576583270625,191.39825806115925,4
4,52->18->0->4->96,4,49.20042703072031,0.004568564824496,7.148326169594593,191.39825806115925,4
5,52->18->0->5->96,4,75.60181910067071,0.005578090475268,3.8980187632171095,191.39825806115925,4
6,52->8->26->5->96,4,54.67184394729789,0.007020244694735,4.635326058370969,104.9906452443194,4
7,52->19->5->96,3,78.48369407641349,0.0051094211668836,4.774695711559714,237.02158543918435,4
8,52->19->22->96,3,104.0888706151946,0.0048824634410687,6.668926761412449,237.02158543918435,4
9,52->19->26->5->96,4,85.33211317188263,0.0057636462204131,3.3698800742141355,129.61621770616708,4
10,52->19->9->4->96,4,76.10462171210511,0.0074882317174171,5.373128045900009,237.02158543918435,4
11,52->40->6->0->96,4,117.8183757689714,0.0065034124565241,9.48272492796548,329.225065645651,4
12,52->40->6->5->96,4,71.88285198784207,0.0065173839518483,7.805829597834694,437.82494266122296,4
13,52->19->18->0->4->96,5,66.23581777404365,0.0072946798125587,8.587472812589201,237.02158543918435,4
14,52->8->71->5->96,4,55.96905905010976,0.0070031171467477,5.1201135864508815,104.9906452443194,4
15,52->19->18->0->96,4,93.04466038046326,0.00462457596528,6.921470991165626,237.02158543918435,4
16,52->18->7->39->5->96,5,97.24147504105616,0.0094483477389912,2.799579872320858,191.39825806115925,4
17,52->8->41->5->96,4,70.16844484173127,0.0068394615602183,5.588022128735142,104.9906452443194,4
18,52->19->9->4->5->96,5,105.86491211490254,0.0082336050958513,4.141683309716964,202.8870475816289,4
19,52->40->24->7->3->0->96,6,126.86134130128086,0.0063660402246655,14.256351135371848,508.4479901465887,4
20,52->19->9->0->4->96,5,63.78270741990531,0.008596878873352,8.28198638238044,237.02158543918435,4
21,52->8->35->0->4->96,5,39.90176115582595,0.0124245007900364,9.318790641110626,104.9906452443194,4
22,52->18->0->13->5->96,5,72.8039050971172,0.0083967940847501,6.181263242014537,132.02530363108585,4
23,52->8->20->5->96,4,56.78412120989967,0.0069031823385388,6.701224152072496,104.9906452443194,4
24,52->40->24->7->18->0->96,6,123.43456518764305,0.0063524638055224,14.784011827385644,502.5541629259638,4
25,52->19->45->0->4->96,5,75.30522030674594,0.0082149389092333,7.385226162925992,195.0598831034584,4
26,52->19->18->7->5->96,5,97.14482441426442,0.0106423557371957,4.74660430132167,237.02158543918435,4
27,52->19->60->33->54->0->96,6,154.38727453181798,0.0043924035876907,10.814252083390643,237.02158543918435,4
28,52->19->18->50->55->5->96,6,132.55101435438152,0.0109197091150328,4.469492525739437,237.02158543918435,4
29,52->18->50->55->5->96,5,115.51562361105816,0.0082035489912309,3.0303458827448297,191.39825806115925,4
30,52->8->41->0->4->96,5,45.220932391797305,0.0113468481075127,10.420705252387588,104.9906452443194,4
31,52->19->45->0->5->96,5,101.70661237669634,0.0092207665572692,4.134918756548508,195.0598831034584,4
32,52->19->18->7->39->5->96,6,114.2768657843795,0.0121610988238543,4.238726515315466,237.02158543918435,4
33,52->40->68->37->87->0->5->96,7,189.22804441449435,0.013338754703343,7.745684082735371,259.2512267791424,4
34,52->8->26->7->18->0->4->96,7,48.52194631209497,0.0092505115651574,13.167264405016148,104.9906452443194,4
1,52->18->0->96,3,76.00926963713992,0.0018911284788719,5.482324348171019,191.39825806115925,5
2,52->8->31->0->4->96,5,32.595099345668615,0.0094881357057065,8.997522501124422,87.36729559635947,5
3,52->8->26->5->96,4,54.67184394729789,0.007020244694735,4.635326058370969,104.9906452443194,5
4,52->18->0->4->96,4,49.20042703072031,0.004568564824496,7.148326169594593,191.39825806115925,5
5,52->18->7->5->96,4,80.10943367094109,0.0079254339601771,3.3074576583270625,191.39825806115925,5
6,52->18->0->5->96,4,75.60181910067071,0.005578090475268,3.8980187632171095,191.39825806115925,5
7,52->18->7->39->5->96,5,97.24147504105616,0.0094483477389912,2.799579872320858,191.39825806115925,5
8,52->19->5->96,3,78.48369407641349,0.0051094211668836,4.774695711559714,237.02158543918435,5
9,52->19->9->4->5->96,5,105.86491211490254,0.0082336050958513,4.141683309716964,202.8870475816289,5
10,52->19->9->4->96,4,76.10462171210511,0.0074882317174171,5.373128045900009,237.02158543918435,5
11,52->19->22->96,3,104.0888706151946,0.0048824634410687,6.668926761412449,237.02158543918435,5
12,52->19->9->0->4->96,5,63.78270741990531,0.008596878873352,8.28198638238044,237.02158543918435,5
13,52->40->6->5->96,4,71.88285198784207,0.0065173839518483,7.805829597834694,437.82494266122296,5
14,52->40->6->18->0->96,5,114.50149034138984,0.0058525566157039,13.434624384500104,444.7787074988309,5
15,52->19->18->0->96,4,93.04466038046326,0.00462457596528,6.921470991165626,237.02158543918435,5
16,52->19->45->0->4->96,5,75.30522030674594,0.0082149389092333,7.385226162925992,195.0598831034584,5
17,52->19->26->5->96,4,85.33211317188263,0.0057636462204131,3.3698800742141355,129.61621770616708,5
18,52->40->6->0->96,4,117.8183757689714,0.0065034124565241,9.48272492796548,329.225065645651,5
19,52->8->71->5->96,4,55.96905905010976,0.0070031171467477,5.1201135864508815,104.9906452443194,5
20,52->8->20->5->96,4,56.78412120989967,0.0069031823385388,6.701224152072496,104.9906452443194,5
21,52->19->60->33->54->0->96,6,154.38727453181798,0.0043924035876907,10.814252083390643,237.02158543918435,5
22,52->18->50->55->5->96,5,115.51562361105816,0.0082035489912309,3.0303458827448297,191.39825806115925,5
23,52->8->41->5->96,4,70.16844484173127,0.0068394615602183,5.588022128735142,104.9906452443194,5
24,52->19->45->0->5->96,5,101.70661237669634,0.0092207665572692,4.134918756548508,195.0598831034584,5
25,52->19->18->0->4->96,5,66.23581777404365,0.0072946798125587,8.587472812589201,237.02158543918435,5
26,52->18->0->13->5->96,5,72.8039050971172,0.0083967940847501,6.181263242014537,132.02530363108585,5
27,52->19->18->7->5->96,5,97.14482441426442,0.0106423557371957,4.74660430132167,237.02158543918435,5
28,52->8->35->0->4->96,5,39.90176115582595,0.0124245007900364,9.318790641110626,104.9906452443194,5
29,52->8->41->0->4->96,5,45.220932391797305,0.0113468481075127,10.420705252387588,104.9906452443194,5
30,52->40->6->19->18->0->96,6,147.20146829451164,0.0089616611106376,13.282381852089284,444.7787074988309,5
31,52->19->18->7->39->5->96,6,114.2768657843795,0.0121610988238543,4.238726515315466,237.02158543918435,5
32,52->40->24->7->75->0->96,6,154.8693498281898,0.0083169531908429,14.358523396036308,508.4479901465887,5
1,52->18->0->96,3,76.00926963713992,0.0018911284788719,5.482324348171019,191.39825806115925,6
2,52->8->31->0->4->96,5,32.595099345668615,0.0094881357057065,8.997522501124422,87.36729559635947,6
3,52->8->26->5->96,4,54.67184394729789,0.007020244694735,4.635326058370969,104.9906452443194,6
4,52->19->22->96,3,104.0888706151946,0.0048824634410687,6.668926761412449,237.02158543918435,6
5,52->18->0->5->96,4,75.60181910067071,0.005578090475268,3.8980187632171095,191.39825806115925,6
6,52->18->7->5->96,4,80.10943367094109,0.0079254339601771,3.3074576583270625,191.39825806115925,6
7,52->19->9->4->96,4,76.10462171210511,0.0074882317174171,5.373128045900009,237.02158543918435,6
8,52->19->5->96,3,78.48369407641349,0.0051094211668836,4.774695711559714,237.02158543918435,6
9,52->18->50->55->5->96,5,115.51562361105816,0.0082035489912309,3.0303458827448297,191.39825806115925,6
10,52->19->18->7->5->96,5,97.14482441426442,0.0106423557371957,4.74660430132167,237.02158543918435,6
11,52->40->6->5->96,4,71.88285198784207,0.0065173839518483,7.805829597834694,437.82494266122296,6
12,52->19->45->0->4->96,5,75.30522030674594,0.0082149389092333,7.385226162925992,195.0598831034584,6
13,52->19->26->5->96,4,85.33211317188263,0.0057636462204131,3.3698800742141355,129.61621770616708,6
14,52->19->18->50->55->5->96,6,132.55101435438152,0.0109197091150328,4.469492525739437,237.02158543918435,6
15,52->8->20->5->96,4,56.78412120989967,0.0069031823385388,6.701224152072496,104.9906452443194,6
16,52->18->0->4->96,4,49.20042703072031,0.004568564824496,7.148326169594593,191.39825806115925,6
17,52->40->6->0->96,4,117.8183757689714,0.0065034124565241,9.48272492796548,329.225065645651,6
18,52->18->7->13->5->96,5,74.9922787761628,0.0102290171823732,5.01415986307217,132.02530363108585,6
19,52->8->71->5->96,4,55.96905905010976,0.0070031171467477,5.1201135864508815,104.9906452443194,6
20,52->18->7->39->5->96,5,97.24147504105616,0.0094483477389912,2.799579872320858,191.39825806115925,6
21,52->8->41->5->96,4,70.16844484173127,0.0068394615602183,5.588022128735142,104.9906452443194,6
22,52->19->60->33->54->0->96,6,154.38727453181798,0.0043924035876907,10.814252083390643,237.02158543918435,6
23,52->19->18->7->39->5->96,6,114.2768657843795,0.0121610988238543,4.238726515315466,237.02158543918435,6
24,52->19->9->4->5->96,5,105.86491211490254,0.0082336050958513,4.141683309716964,202.8870475816289,6
25,52->19->18->0->96,4,93.04466038046326,0.00462457596528,6.921470991165626,237.02158543918435,6
26,52->19->9->0->4->96,5,63.78270741990531,0.008596878873352,8.28198638238044,237.02158543918435,6
27,52->8->41->0->4->96,5,45.220932391797305,0.0113468481075127,10.420705252387588,104.9906452443194,6
28,52->19->18->0->4->96,5,66.23581777404365,0.0072946798125587,8.587472812589201,237.02158543918435,6
29,52->40->24->7->3->0->96,6,126.86134130128086,0.0063660402246655,14.256351135371848,508.4479901465887,6
30,52->40->6->18->0->96,5,114.50149034138984,0.0058525566157039,13.434624384500104,444.7787074988309,6
31,52->8->35->0->4->96,5,39.90176115582595,0.0124245007900364,9.318790641110626,104.9906452443194,6
32,52->19->45->0->5->96,5,101.70661237669634,0.0092207665572692,4.134918756548508,195.0598831034584,6
33,52->19->60->33->54->18->0->96,7,145.69595689863343,0.0039800707773183,12.042140286812815,237.02158543918435,6
1,52->18->0->4->96,4,49.20042703072031,0.004568564824496,7.148326169594593,191.39825806115925,7
2,52->18->0->96,3,76.00926963713992,0.0018911284788719,5.482324348171019,191.39825806115925,7
3,52->18->7->5->96,4,80.10943367094109,0.0079254339601771,3.3074576583270625,191.39825806115925,7
4,52->19->9->4->96,4,76.10462171210511,0.0074882317174171,5.373128045900009,237.02158543918435,7
5,52->8->26->5->96,4,54.67184394729789,0.007020244694735,4.635326058370969,104.9906452443194,7
6,52->8->31->0->4->96,5,32.595099345668615,0.0094881357057065,8.997522501124422,87.36729559635947,7
7,52->18->7->39->5->96,5,97.24147504105616,0.0094483477389912,2.799579872320858,191.39825806115925,7
8,52->19->22->96,3,104.0888706151946,0.0048824634410687,6.668926761412449,237.02158543918435,7
9,52->19->26->5->96,4,85.33211317188263,0.0057636462204131,3.3698800742141355,129.61621770616708,7
10,52->19->5->96,3,78.48369407641349,0.0051094211668836,4.774695711559714,237.02158543918435,7
11,52->18->50->55->5->96,5,115.51562361105816,0.0082035489912309,3.0303458827448297,191.39825806115925,7
12,52->19->9->4->5->96,5,105.86491211490254,0.0082336050958513,4.141683309716964,202.8870475816289,7
13,52->40->6->0->96,4,117.8183757689714,0.0065034124565241,9.48272492796548,329.225065645651,7
14,52->18->0->5->96,4,75.60181910067071,0.005578090475268,3.8980187632171095,191.39825806115925,7
15,52->19->18->0->96,4,93.04466038046326,0.00462457596528,6.921470991165626,237.02158543918435,7
16,52->40->6->5->96,4,71.88285198784207,0.0065173839518483,7.805829597834694,437.82494266122296,7
17,52->19->9->0->4->96,5,63.78270741990531,0.008596878873352,8.28198638238044,237.02158543918435,7
18,52->8->20->5->96,4,56.78412120989967,0.0069031823385388,6.701224152072496,104.9906452443194,7
19,52->19->18->7->39->5->96,6,114.2768657843795,0.0121610988238543,4.238726515315466,237.02158543918435,7
20,52->19->18->7->5->96,5,97.14482441426442,0.0106423557371957,4.74660430132167,237.02158543918435,7
21,52->18->0->13->5->96,5,72.8039050971172,0.0083967940847501,6.181263242014537,132.02530363108585,7
22,52->8->41->5->96,4,70.16844484173127,0.0068394615602183,5.588022128735142,104.9906452443194,7
23,52->8->35->0->4->96,5,39.90176115582595,0.0124245007900364,9.318790641110626,104.9906452443194,7
24,52->8->41->0->4->96,5,45.220932391797305,0.0113468481075127,10.420705252387588,104.9906452443194,7
25,52->19->60->33->54->0->96,6,154.38727453181798,0.0043924035876907,10.814252083390643,237.02158543918435,7
26,52->19->60->33->54->18->0->96,7,145.69595689863343,0.0039800707773183,12.042140286812815,237.02158543918435,7
27,52->8->71->5->96,4,55.96905905010976,0.0070031171467477,5.1201135864508815,104.9906452443194,7
28,52->19->18->0->4->96,5,66.23581777404365,0.0072946798125587,8.587472812589201,237.02158543918435,7
29,52->40->24->7->3->0->96,6,126.86134130128086,0.0063660402246655,14.256351135371848,508.4479901465887,7
30,52->40->6->18->0->96,5,114.50149034138984,0.0058525566157039,13.434624384500104,444.7787074988309,7
31,52->19->45->0->5->96,5,101.70661237669634,0.0092207665572692,4.134918756548508,195.0598831034584,7
32,52->19->45->0->4->96,5,75.30522030674594,0.0082149389092333,7.385226162925992,195.0598831034584,7
33,52->18->7->13->5->96,5,74.9922787761628,0.0102290171823732,5.01415986307217,132.02530363108585,7
34,52->19->18->50->55->5->96,6,132.55101435438152,0.0109197091150328,4.469492525739437,237.02158543918435,7
1,52->18->0->96,3,76.00926963713992,0.0018911284788719,5.482324348171019,191.39825806115925,8
2,52->8->31->0->4->96,5,32.595099345668615,0.0094881357057065,8.997522501124422,87.36729559635947,8
3,52->18->0->4->96,4,49.20042703072031,0.004568564824496,7.148326169594593,191.39825806115925,8
4,52->18->0->5->96,4,75.60181910067071,0.005578090475268,3.8980187632171095,191.39825806115925,8
5,52->18->7->5->96,4,80.10943367094109,0.0079254339601771,3.3074576583270625,191.39825806115925,8
6,52->8->26->5->96,4,54.67184394729789,0.007020244694735,4.635326058370969,104.9906452443194,8
7,52->19->22->96,3,104.0888706151946,0.0048824634410687,6.668926761412449,237.02158543918435,8
8,52->8->20->5->96,4,56.78412120989967,0.0069031823385388,6.701224152072496,104.9906452443194,8
9,52->19->5->96,3,78.48369407641349,0.0051094211668836,4.774695711559714,237.02158543918435,8
10,52->19->18->0->96,4,93.04466038046326,0.00462457596528,6.921470991165626,237.02158543918435,8
11,52->19->9->4->96,4,76.10462171210511,0.0074882317174171,5.373128045900009,237.02158543918435,8
12,52->19->26->5->96,4,85.33211317188263,0.0057636462204131,3.3698800742141355,129.61621770616708,8
13,52->40->6->5->96,4,71.88285198784207,0.0065173839518483,7.805829597834694,437.82494266122296,8
14,52->19->9->0->4->96,5,63.78270741990531,0.008596878873352,8.28198638238044,237.02158543918435,8
15,52->18->7->39->5->96,5,97.24147504105616,0.0094483477389912,2.799579872320858,191.39825806115925,8
16,52->8->41->5->96,4,70.16844484173127,0.0068394615602183,5.588022128735142,104.9906452443194,8
17,52->40->6->0->96,4,117.8183757689714,0.0065034124565241,9.48272492796548,329.225065645651,8
18,52->19->9->4->5->96,5,105.86491211490254,0.0082336050958513,4.141683309716964,202.8870475816289,8
19,52->8->35->0->4->96,5,39.90176115582595,0.0124245007900364,9.318790641110626,104.9906452443194,8
20,52->8->71->5->96,4,55.96905905010976,0.0070031171467477,5.1201135864508815,104.9906452443194,8
21,52->18->50->55->5->96,5,115.51562361105816,0.0082035489912309,3.0303458827448297,191.39825806115925,8
22,52->19->18->7->5->96,5,97.14482441426442,0.0106423557371957,4.74660430132167,237.02158543918435,8
23,52->40->24->7->18->0->96,6,123.43456518764305,0.0063524638055224,14.784011827385644,502.5541629259638,8
24,52->19->45->0->4->96,5,75.30522030674594,0.0082149389092333,7.385226162925992,195.0598831034584,8
25,52->40->6->18->0->96,5,114.50149034138984,0.0058525566157039,13.434624384500104,444.7787074988309,8
26,52->18->0->13->5->96,5,72.8039050971172,0.0083967940847501,6.181263242014537,132.02530363108585,8
27,52->19->45->0->5->96,5,101.70661237669634,0.0092207665572692,4.134918756548508,195.0598831034584,8
28,52->19->60->33->54->18->0->96,7,145.69595689863343,0.0039800707773183,12.042140286812815,237.02158543918435,8
29,52->19->18->0->4->96,5,66.23581777404365,0.0072946798125587,8.587472812589201,237.02158543918435,8
30,52->19->60->33->54->0->96,6,154.38727453181798,0.0043924035876907,10.814252083390643,237.02158543918435,8
31,52->40->68->37->27->8->3->0->96,8,223.5914922931132,0.0095393914705063,13.843144049123008,487.2560359772219,8
32,52->8->41->0->4->96,5,45.220932391797305,0.0113468481075127,10.420705252387588,104.9906452443194,8
33,52->40->24->7->3->0->96,6,126.86134130128086,0.0063660402246655,14.256351135371848,508.4479901465887,8
34,52->18->7->13->5->96,5,74.9922787761628,0.0102290171823732,5.01415986307217,132.02530363108585,8
35,52->19->18->7->39->5->96,6,114.2768657843795,0.0121610988238543,4.238726515315466,237.02158543918435,8
1,52->18->7->5->96,4,80.10943367094109,0.0079254339601771,3.3074576583270625,191.39825806115925,9
2,52->18->0->96,3,76.00926963713992,0.0018911284788719,5.482324348171019,191.39825806115925,9
3,52->18->0->4->96,4,49.20042703072031,0.004568564824496,7.148326169594593,191.39825806115925,9
4,52->8->26->5->96,4,54.67184394729789,0.007020244694735,4.635326058370969,104.9906452443194,9
5,52->8->31->0->4->96,5,32.595099345668615,0.0094881357057065,8.997522501124422,87.36729559635947,9
6,52->18->0->5->96,4,75.60181910067071,0.005578090475268,3.8980187632171095,191.39825806115925,9
7,52->19->9->4->96,4,76.10462171210511,0.0074882317174171,5.373128045900009,237.02158543918435,9
8,52->19->5->96,3,78.48369407641349,0.0051094211668836,4.774695711559714,237.02158543918435,9
9,52->19->22->96,3,104.0888706151946,0.0048824634410687,6.668926761412449,237.02158543918435,9
10,52->19->9->0->4->96,5,63.78270741990531,0.008596878873352,8.28198638238044,237.02158543918435,9
11,52->19->26->5->96,4,85.33211317188263,0.0057636462204131,3.3698800742141355,129.61621770616708,9
12,52->40->6->5->96,4,71.88285198784207,0.0065173839518483,7.805829597834694,437.82494266122296,9
13,52->19->9->4->5->96,5,105.86491211490254,0.0082336050958513,4.141683309716964,202.8870475816289,9
14,52->8->41->5->96,4,70.16844484173127,0.0068394615602183,5.588022128735142,104.9906452443194,9
15,52->40->6->0->96,4,117.8183757689714,0.0065034124565241,9.48272492796548,329.225065645651,9
16,52->18->50->55->5->96,5,115.51562361105816,0.0082035489912309,3.0303458827448297,191.39825806115925,9
17,52->40->24->7->18->0->96,6,123.43456518764305,0.0063524638055224,14.784011827385644,502.5541629259638,9
18,52->8->71->5->96,4,55.96905905010976,0.0070031171467477,5.1201135864508815,104.9906452443194,9
19,52->8->20->5->96,4,56.78412120989967,0.0069031823385388,6.701224152072496,104.9906452443194,9
20,52->18->7->39->5->96,5,97.24147504105616,0.0094483477389912,2.799579872320858,191.39825806115925,9
21,52->19->45->0->4->96,5,75.30522030674594,0.0082149389092333,7.385226162925992,195.0598831034584,9
22,52->19->60->33->54->0->96,6,154.38727453181798,0.0043924035876907,10.814252083390643,237.02158543918435,9
23,52->8->41->0->4->96,5,45.220932391797305,0.0113468481075127,10.420705252387588,104.9906452443194,9
24,52->19->18->0->96,4,93.04466038046326,0.00462457596528,6.921470991165626,237.02158543918435,9
25,52->40->6->18->0->96,5,114.50149034138984,0.0058525566157039,13.434624384500104,444.7787074988309,9
26,52->19->18->7->5->96,5,97.14482441426442,0.0106423557371957,4.74660430132167,237.02158543918435,9
27,52->19->18->0->4->96,5,66.23581777404365,0.0072946798125587,8.587472812589201,237.02158543918435,9
28,52->19->18->50->55->5->96,6,132.55101435438152,0.0109197091150328,4.469492525739437,237.02158543918435,9
29,52->18->0->13->5->96,5,72.8039050971172,0.0083967940847501,6.181263242014537,132.02530363108585,9
30,52->8->35->0->4->96,5,39.90176115582595,0.0124245007900364,9.318790641110626,104.9906452443194,9
31,52->19->45->0->5->96,5,101.70661237669634,0.0092207665572692,4.134918756548508,195.0598831034584,9
32,52->19->18->7->39->5->96,6,114.2768657843795,0.0121610988238543,4.238726515315466,237.02158543918435,9
33,52->40->24->7->3->0->96,6,126.86134130128086,0.0063660402246655,14.256351135371848,508.4479901465887,9
34,52->40->68->37->87->0->5->96,7,189.22804441449435,0.013338754703343,7.745684082735371,259.2512267791424,9
1,52->18->0->4->96,4,49.20042703072031,0.004568564824496,7.148326169594593,191.39825806115925,10
2,52->8->31->0->4->96,5,32.595099345668615,0.0094881357057065,8.997522501124422,87.36729559635947,10
3,52->18->0->96,3,76.00926963713992,0.0018911284788719,5.482324348171019,191.39825806115925,10
4,52->19->22->96,3,104.0888706151946,0.0048824634410687,6.668926761412449,237.02158543918435,10
5,52->18->0->5->96,4,75.60181910067071,0.005578090475268,3.8980187632171095,191.39825806115925,10
6,52->18->7->5->96,4,80.10943367094109,0.0079254339601771,3.3074576583270625,191.39825806115925,10
7,52->19->9->4->96,4,76.10462171210511,0.0074882317174171,5.373128045900009,237.02158543918435,10
8,52->19->5->96,3,78.48369407641349,0.0051094211668836,4.774695711559714,237.02158543918435,10
9,52->8->26->5->96,4,54.67184394729789,0.007020244694735,4.635326058370969,104.9906452443194,10
10,52->8->41->5->96,4,70.16844484173127,0.0068394615602183,5.588022128735142,104.9906452443194,10
11,52->19->45->0->4->96,5,75.30522030674594,0.0082149389092333,7.385226162925992,195.0598831034584,10
12,52->8->71->5->96,4,55.96905905010976,0.0070031171467477,5.1201135864508815,104.9906452443194,10
13,52->19->18->0->4->96,5,66.23581777404365,0.0072946798125587,8.587472812589201,237.02158543918435,10
14,52->19->26->5->96,4,85.33211317188263,0.0057636462204131,3.3698800742141355,129.61621770616708,10
15,52->19->18->0->96,4,93.04466038046326,0.00462457596528,6.921470991165626,237.02158543918435,10
16,52->40->24->22->19->18->0->96,7,129.84967903920108,0.0092464828424889,13.48844256489415,461.04803269298617,10
17,52->18->7->39->5->96,5,97.24147504105616,0.0094483477389912,2.799579872320858,191.39825806115925,10
18,52->19->9->0->4->96,5,63.78270741990531,0.008596878873352,8.28198638238044,237.02158543918435,10
19,52->40->6->5->96,4,71.88285198784207,0.0065173839518483,7.805829597834694,437.82494266122296,10
20,52->19->9->4->5->96,5,105.86491211490254,0.0082336050958513,4.141683309716964,202.8870475816289,10
21,52->8->20->5->96,4,56.78412120989967,0.0069031823385388,6.701224152072496,104.9906452443194,10
22,52->18->50->55->5->96,5,115.51562361105816,0.0082035489912309,3.0303458827448297,191.39825806115925,10
23,52->19->60->33->54->0->96,6,154.38727453181798,0.0043924035876907,10.814252083390643,237.02158543918435,10
24,52->40->6->0->96,4,117.8183757689714,0.0065034124565241,9.48272492796548,329.225065645651,10
25,52->19->45->0->5->96,5,101.70661237669634,0.0092207665572692,4.134918756548508,195.0598831034584,10
26,52->8->41->0->4->96,5,45.220932391797305,0.0113468481075127,10.420705252387588,104.9906452443194,10
27,52->40->6->5->79->0->96,6,128.24101595808722,0.0068387114758718,13.648447529640098,444.7787074988309,10
28,52->19->18->50->55->5->96,6,132.55101435438152,0.0109197091150328,4.469492525739437,237.02158543918435,10
29,52->40->6->19->18->0->96,6,147.20146829451164,0.0089616611106376,13.282381852089284,444.7787074988309,10
30,52->8->35->0->4->96,5,39.90176115582595,0.0124245007900364,9.318790641110626,104.9906452443194,10
31,52->18->7->13->5->96,5,74.9922787761628,0.0102290171823732,5.01415986307217,132.02530363108585,10
32,52->19->60->33->54->18->0->96,7,145.69595689863343,0.0039800707773183,12.042140286812815,237.02158543918435,10
33,52->19->18->7->39->5->96,6,114.2768657843795,0.0121610988238543,4.238726515315466,237.02158543918435,10
34,52->19->18->7->5->96,5,97.14482441426442,0.0106423557371957,4.74660430132167,237.02158543918435,10
35,52->40->24->7->3->0->96,6,126.86134130128086,0.0063660402246655,14.256351135371848,508.4479901465887,10
1,52->18->0->96,3,76.00926963713992,0.0018911284788719,5.482324348171019,191.39825806115925,11
2,52->18->7->5->96,4,80.10943367094109,0.0079254339601771,3.3074576583270625,191.39825806115925,11
3,52->8->31->0->4->96,5,32.595099345668615,0.0094881357057065,8.997522501124422,87.36729559635947,11
4,52->18->0->4->96,4,49.20042703072031,0.004568564824496,7.148326169594593,191.39825806115925,11
5,52->19->26->5->96,4,85.33211317188263,0.0057636462204131,3.3698800742141355,129.61621770616708,11
6,52->18->0->5->96,4,75.60181910067071,0.005578090475268,3.8980187632171095,191.39825806115925,11
7,52->19->22->96,3,104.0888706151946,0.0048824634410687,6.668926761412449,237.02158543918435,11
8,52->8->20->5->96,4,56.78412120989967,0.0069031823385388,6.701224152072496,104.9906452443194,11
9,52->8->71->5->96,4,55.96905905010976,0.0070031171467477,5.1201135864508815,104.9906452443194,11
10,52->8->26->5->96,4,54.67184394729789,0.007020244694735,4.635326058370969,104.9906452443194,11
11,52->19->5->96,3,78.48369407641349,0.0051094211668836,4.774695711559714,237.02158543918435,11
12,52->40->6->5->96,4,71.88285198784207,0.0065173839518483,7.805829597834694,437.82494266122296,11
13,52->19->9->4->96,4,76.10462171210511,0.0074882317174171,5.373128045900009,237.02158543918435,11
14,52->19->18->0->96,4,93.04466038046326,0.00462457596528,6.921470991165626,237.02158543918435,11
15,52->19->9->0->4->96,5,63.78270741990531,0.008596878873352,8.28198638238044,237.02158543918435,11
16,52->8->41->5->96,4,70.16844484173127,0.0068394615602183,5.588022128735142,104.9906452443194,11
17,52->40->6->0->96,4,117.8183757689714,0.0065034124565241,9.48272492796548,329.225065645651,11
18,52->8->41->0->4->96,5,45.220932391797305,0.0113468481075127,10.420705252387588,104.9906452443194,11
19,52->19->18->0->4->96,5,66.23581777404365,0.0072946798125587,8.587472812589201,237.02158543918435,11
20,52->19->9->4->5->96,5,105.86491211490254,0.0082336050958513,4.141683309716964,202.8870475816289,11
21,52->18->7->39->5->96,5,97.24147504105616,0.0094483477389912,2.799579872320858,191.39825806115925,11
22,52->40->6->18->0->96,5,114.50149034138984,0.0058525566157039,13.434624384500104,444.7787074988309,11
23,52->18->50->55->5->96,5,115.51562361105816,0.0082035489912309,3.0303458827448297,191.39825806115925,11
24,52->19->45->0->4->96,5,75.30522030674594,0.0082149389092333,7.385226162925992,195.0598831034584,11
25,52->8->35->0->4->96,5,39.90176115582595,0.0124245007900364,9.318790641110626,104.9906452443194,11
26,52->19->45->0->5->96,5,101.70661237669634,0.0092207665572692,4.134918756548508,195.0598831034584,11
27,52->19->18->7->5->96,5,97.14482441426442,0.0106423557371957,4.74660430132167,237.02158543918435,11
28,52->19->60->33->54->0->96,6,154.38727453181798,0.0043924035876907,10.814252083390643,237.02158543918435,11
29,52->40->24->7->3->0->96,6,126.86134130128086,0.0063660402246655,14.256351135371848,508.4479901465887,11
30,52->18->7->13->5->96,5,74.9922787761628,0.0102290171823732,5.01415986307217,132.02530363108585,11
31,52->18->0->13->5->96,5,72.8039050971172,0.0083967940847501,6.181263242014537,132.02530363108585,11
32,52->40->24->22->19->18->0->96,7,129.84967903920108,0.0092464828424889,13.48844256489415,461.04803269298617,11
33,52->19->18->7->39->5->96,6,114.2768657843795,0.0121610988238543,4.238726515315466,237.02158543918435,11
1,52->19->9->4->5->96,5,105.86491211490254,0.0082336050958513,4.141683309716964,202.8870475816289,12
2,52->18->0->4->96,4,49.20042703072031,0.004568564824496,7.148326169594593,191.39825806115925,12
3,52->18->7->5->96,4,80.10943367094109,0.0079254339601771,3.3074576583270625,191.39825806115925,12
4,52->8->26->5->96,4,54.67184394729789,0.007020244694735,4.635326058370969,104.9906452443194,12
5,52->8->31->0->4->96,5,32.595099345668615,0.0094881357057065,8.997522501124422,87.36729559635947,12
6,52->18->7->39->5->96,5,97.24147504105616,0.0094483477389912,2.799579872320858,191.39825806115925,12
7,52->19->26->5->96,4,85.33211317188263,0.0057636462204131,3.3698800742141355,129.61621770616708,12
8,52->18->0->96,3,76.00926963713992,0.0018911284788719,5.482324348171019,191.39825806115925,12
9,52->19->5->96,3,78.48369407641349,0.0051094211668836,4.774695711559714,237.02158543918435,12
10,52->19->22->96,3,104.0888706151946,0.0048824634410687,6.668926761412449,237.02158543918435,12
11,52->19->9->4->96,4,76.10462171210511,0.0074882317174171,5.373128045900009,237.02158543918435,12
12,52->8->41->5->96,4,70.16844484173127,0.0068394615602183,5.588022128735142,104.9906452443194,12
13,52->19->18->7->5->96,5,97.14482441426442,0.0106423557371957,4.74660430132167,237.02158543918435,12
14,52->8->71->5->96,4,55.96905905010976,0.0070031171467477,5.1201135864508815,104.9906452443194,12
15,52->18->0->5->96,4,75.60181910067071,0.005578090475268,3.8980187632171095,191.39825806115925,12
16,52->40->6->5->96,4,71.88285198784207,0.0065173839518483,7.805829597834694,437.82494266122296,12
17,52->18->50->55->5->96,5,115.51562361105816,0.0082035489912309,3.0303458827448297,191.39825806115925,12
18,52->19->18->0->96,4,93.04466038046326,0.00462457596528,6.921470991165626,237.02158543918435,12
19,52->19->60->33->54->0->96,6,154.38727453181798,0.0043924035876907,10.814252083390643,237.02158543918435,12
20,52->19->9->0->4->96,5,63.78270741990531,0.008596878873352,8.28198638238044,237.02158543918435,12
21,52->19->18->7->39->5->96,6,114.2768657843795,0.0121610988238543,4.238726515315466,237.02158543918435,12
22,52->18->0->13->5->96,5,72.8039050971172,0.0083967940847501,6.181263242014537,132.02530363108585,12
23,52->40->6->0->96,4,117.8183757689714,0.0065034124565241,9.48272492796548,329.225065645651,12
24,52->8->35->0->4->96,5,39.90176115582595,0.0124245007900364,9.318790641110626,104.9906452443194,12
25,52->40->68->37->27->8->3->0->96,8,223.5914922931132,0.0095393914705063,13.843144049123008,487.2560359772219,12
26,52->19->45->0->4->96,5,75.30522030674594,0.0082149389092333,7.385226162925992,195.0598831034584,12
27,52->40->6->18->0->96,5,114.50149034138984,0.0058525566157039,13.434624384500104,444.7787074988309,12
28,52->19->45->0->5->96,5,101.70661237669634,0.0092207665572692,4.134918756548508,195.0598831034584,12
29,52->19->18->0->4->96,5,66.23581777404365,0.0072946798125587,8.587472812589201,237.02158543918435,12
30,52->40->24->7->18->0->96,6,123.43456518764305,0.0063524638055224,14.784011827385644,502.5541629259638,12
31,52->8->20->5->96,4,56.78412120989967,0.0069031823385388,6.701224152072496,104.9906452443194,12
32,52->8->41->0->4->96,5,45.220932391797305,0.0113468481075127,10.420705252387588,104.9906452443194,12
33,52->18->7->13->5->96,5,74.9922787761628,0.0102290171823732,5.01415986307217,132.02530363108585,12
34,52->40->24->7->3->0->96,6,126.86134130128086,0.0063660402246655,14.256351135371848,508.4479901465887,12
1,52->18->0->96,3,76.00926963713992,0.0018911284788719,5.482324348171019,191.39825806115925,13
2,52->18->0->4->96,4,49.20042703072031,0.004568564824496,7.148326169594593,191.39825806115925,13
3,52->19->26->5->96,4,85.33211317188263,0.0057636462204131,3.3698800742141355,129.61621770616708,13
4,52->8->26->5->96,4,54.67184394729789,0.007020244694735,4.635326058370969,104.9906452443194,13
5,52->18->7->5->96,4,80.10943367094109,0.0079254339601771,3.3074576583270625,191.39825806115925,13
6,52->18->0->5->96,4,75.60181910067071,0.005578090475268,3.8980187632171095,191.39825806115925,13
7,52->19->9->4->96,4,76.10462171210511,0.0074882317174171,5.373128045900009,237.02158543918435,13
8,52->19->5->96,3,78.48369407641349,0.0051094211668836,4.774695711559714,237.02158543918435,13
9,52->8->31->0->4->96,5,32.595099345668615,0.0094881357057065,8.997522501124422,87.36729559635947,13
10,52->18->7->39->5->96,5,97.24147504105616,0.0094483477389912,2.799579872320858,191.39825806115925,13
11,52->8->71->5->96,4,55.96905905010976,0.0070031171467477,5.1201135864508815,104.9906452443194,13
12,52->19->22->96,3,104.0888706151946,0.0048824634410687,6.668926761412449,237.02158543918435,13
13,52->18->50->55->5->96,5,115.51562361105816,0.0082035489912309,3.0303458827448297,191.39825806115925,13
14,52->19->18->0->96,4,93.04466038046326,0.00462457596528,6.921470991165626,237.02158543918435,13
15,52->19->9->0->4->96,5,63.78270741990531,0.008596878873352,8.28198638238044,237.02158543918435,13
16,52->19->45->0->4->96,5,75.30522030674594,0.0082149389092333,7.385226162925992,195.0598831034584,13
17,52->19->9->4->5->96,5,105.86491211490254,0.0082336050958513,4.141683309716964,202.8870475816289,13
18,52->8->20->5->96,4,56.78412120989967,0.0069031823385388,6.701224152072496,104.9906452443194,13
19,52->40->6->5->96,4,71.88285198784207,0.0065173839518483,7.805829597834694,437.82494266122296,13
20,52->40->6->0->96,4,117.8183757689714,0.0065034124565241,9.48272492796548,329.225065645651,13
21,52->40->6->18->0->96,5,114.50149034138984,0.0058525566157039,13.434624384500104,444.7787074988309,13
22,52->19->45->0->5->96,5,101.70661237669634,0.0092207665572692,4.134918756548508,195.0598831034584,13
23,52->19->18->7->5->96,5,97.14482441426442,0.0106423557371957,4.74660430132167,237.02158543918435,13
24,52->19->18->50->55->5->96,6,132.55101435438152,0.0109197091150328,4.469492525739437,237.02158543918435,13
25,52->8->41->5->96,4,70.16844484173127,0.0068394615602183,5.588022128735142,104.9906452443194,13
26,52->19->18->0->4->96,5,66.23581777404365,0.0072946798125587,8.587472812589201,237.02158543918435,13
27,52->19->60->33->54->0->96,6,154.38727453181798,0.0043924035876907,10.814252083390643,237.02158543918435,13
28,52->8->35->0->4->96,5,39.90176115582595,0.0124245007900364,9.318790641110626,104.9906452443194,13
29,52->8->41->0->4->96,5,45.220932391797305,0.0113468481075127,10.420705252387588,104.9906452443194,13
30,52->40->24->7->75->0->96,6,154.8693498281898,0.0083169531908429,14.358523396036308,508.4479901465887,13
31,52->18->0->13->5->96,5,72.8039050971172,0.0083967940847501,6.181263242014537,132.02530363108585,13
1,52->18->7->5->96,4,80.10943367094109,0.0079254339601771,3.3074576583270625,191.39825806115925,14
2,52->18->0->96,3,76.00926963713992,0.0018911284788719,5.482324348171019,191.39825806115925,14
3,52->18->0->4->96,4,49.20042703072031,0.004568564824496,7.148326169594593,191.39825806115925,14
4,52->8->31->0->4->96,5,32.595099345668615,0.0094881357057065,8.997522501124422,87.36729559635947,14
5,52->19->5->96,3,78.48369407641349,0.0051094211668836,4.774695711559714,237.02158543918435,14
6,52->8->26->5->96,4,54.67184394729789,0.007020244694735,4.635326058370969,104.9906452443194,14
7,52->19->26->5->96,4,85.33211317188263,0.0057636462204131,3.3698800742141355,129.61621770616708,14
8,52->40->6->0->96,4,117.8183757689714,0.0065034124565241,9.48272492796548,329.225065645651,14
9,52->18->7->39->5->96,5,97.24147504105616,0.0094483477389912,2.799579872320858,191.39825806115925,14
10,52->19->9->4->96,4,76.10462171210511,0.0074882317174171,5.373128045900009,237.02158543918435,14
11,52->8->41->5->96,4,70.16844484173127,0.0068394615602183,5.588022128735142,104.9906452443194,14
12,52->19->22->96,3,104.0888706151946,0.0048824634410687,6.668926761412449,237.02158543918435,14
13,52->40->6->5->96,4,71.88285198784207,0.0065173839518483,7.805829597834694,437.82494266122296,14
14,52->18->0->5->96,4,75.60181910067071,0.005578090475268,3.8980187632171095,191.39825806115925,14
15,52->8->71->5->96,4,55.96905905010976,0.0070031171467477,5.1201135864508815,104.9906452443194,14
16,52->8->20->5->96,4,56.78412120989967,0.0069031823385388,6.701224152072496,104.9906452443194,14
17,52->19->60->33->54->0->96,6,154.38727453181798,0.0043924035876907,10.814252083390643,237.02158543918435,14
18,52->19->18->0->96,4,93.04466038046326,0.00462457596528,6.921470991165626,237.02158543918435,14
19,52->19->9->4->5->96,5,105.86491211490254,0.0082336050958513,4.141683309716964,202.8870475816289,14
20,52->19->45->0->4->96,5,75.30522030674594,0.0082149389092333,7.385226162925992,195.0598831034584,14
21,52->18->7->13->5->96,5,74.9922787761628,0.0102290171823732,5.01415986307217,132.02530363108585,14
22,52->40->6->18->0->96,5,114.50149034138984,0.0058525566157039,13.434624384500104,444.7787074988309,14
23,52->19->18->0->4->96,5,66.23581777404365,0.0072946798125587,8.587472812589201,237.02158543918435,14
24,52->19->45->0->5->96,5,101.70661237669634,0.0092207665572692,4.134918756548508,195.0598831034584,14
25,52->19->60->33->54->18->0->96,7,145.69595689863343,0.0039800707773183,12.042140286812815,237.02158543918435,14
26,52->18->50->55->5->96,5,115.51562361105816,0.0082035489912309,3.0303458827448297,191.39825806115925,14
27,52->19->18->50->55->5->96,6,132.55101435438152,0.0109197091150328,4.469492525739437,237.02158543918435,14
28,52->19->9->0->4->96,5,63.78270741990531,0.008596878873352,8.28198638238044,237.02158543918435,14
29,52->40->6->19->18->0->96,6,147.20146829451164,0.0089616611106376,13.282381852089284,444.7787074988309,14
30,52->40->24->7->3->0->96,6,126.86134130128086,0.0063660402246655,14.256351135371848,508.4479901465887,14
31,52->8->41->0->4->96,5,45.220932391797305,0.0113468481075127,10.420705252387588,104.9906452443194,14
32,52->19->18->7->5->96,5,97.14482441426442,0.0106423557371957,4.74660430132167,237.02158543918435,14
33,52->18->0->13->5->96,5,72.8039050971172,0.0083967940847501,6.181263242014537,132.02530363108585,14
34,52->8->47->18->0->4->96,6,42.088114496383305,0.0135784722537167,12.4078380855283,92.34689741786254,14
1,52->8->71->5->96,4,55.96905905010976,0.0070031171467477,5.1201135864508815,104.9906452443194,15
2,52->18->0->96,3,76.00926963713992,0.0018911284788719,5.482324348171019,191.39825806115925,15
3,52->18->7->5->96,4,80.10943367094109,0.0079254339601771,3.3074576583270625,191.39825806115925,15
4,52->18->0->4->96,4,49.20042703072031,0.004568564824496,7.148326169594593,191.39825806115925,15
5,52->8->31->0->4->96,5,32.595099345668615,0.0094881357057065,8.997522501124422,87.36729559635947,15
6,52->8->26->5->96,4,54.67184394729789,0.007020244694735,4.635326058370969,104.9906452443194,15
7,52->18->0->5->96,4,75.60181910067071,0.005578090475268,3.8980187632171095,191.39825806115925,15
8,52->19->9->4->96,4,76.10462171210511,0.0074882317174171,5.373128045900009,237.02158543918435,15
9,52->19->5->96,3,78.48369407641349,0.0051094211668836,4.774695711559714,237.02158543918435,15
10,52->8->41->5->96,4,70.16844484173127,0.0068394615602183,5.588022128735142,104.9906452443194,15
11,52->19->18->0->4->96,5,66.23581777404365,0.0072946798125587,8.587472812589201,237.02158543918435,15
12,52->19->22->96,3,104.0888706151946,0.0048824634410687,6.668926761412449,237.02158543918435,15
13,52->19->9->0->4->96,5,63.78270741990531,0.008596878873352,8.28198638238044,237.02158543918435,15
14,52->40->6->0->96,4,117.8183757689714,0.0065034124565241,9.48272492796548,329.225065645651,15
15,52->40->6->5->96,4,71.88285198784207,0.0065173839518483,7.805829597834694,437.82494266122296,15
16,52->19->26->5->96,4,85.33211317188263,0.0057636462204131,3.3698800742141355,129.61621770616708,15
17,52->19->18->50->55->5->96,6,132.55101435438152,0.0109197091150328,4.469492525739437,237.02158543918435,15
18,52->18->50->55->5->96,5,115.51562361105816,0.0082035489912309,3.0303458827448297,191.39825806115925,15
19,52->18->7->39->5->96,5,97.24147504105616,0.0094483477389912,2.799579872320858,191.39825806115925,15
20,52->18->7->13->5->96,5,74.9922787761628,0.0102290171823732,5.01415986307217,132.02530363108585,15
21,52->19->18->0->96,4,93.04466038046326,0.00462457596528,6.921470991165626,237.02158543918435,15
22,52->19->9->4->5->96,5,105.86491211490254,0.0082336050958513,4.141683309716964,202.8870475816289,15
23,52->19->45->0->4->96,5,75.30522030674594,0.0082149389092333,7.385226162925992,195.0598831034584,15
24,52->8->20->5->96,4,56.78412120989967,0.0069031823385388,6.701224152072496,104.9906452443194,15
25,52->19->45->0->5->96,5,101.70661237669634,0.0092207665572692,4.134918756548508,195.0598831034584,15
26,52->8->26->7->18->0->4->96,7,48.52194631209497,0.0092505115651574,13.167264405016148,104.9906452443194,15
27,52->19->18->7->39->5->96,6,114.2768657843795,0.0121610988238543,4.238726515315466,237.02158543918435,15
28,52->19->18->7->5->96,5,97.14482441426442,0.0106423557371957,4.74660430132167,237.02158543918435,15
29,52->8->35->0->4->96,5,39.90176115582595,0.0124245007900364,9.318790641110626,104.9906452443194,15
30,52->19->60->33->54->0->96,6,154.38727453181798,0.0043924035876907,10.814252083390643,237.02158543918435,15
31,52->18->0->13->5->96,5,72.8039050971172,0.0083967940847501,6.181263242014537,132.02530363108585,15
32,52->8->41->0->4->96,5,45.220932391797305,0.0113468481075127,10.420705252387588,104.9906452443194,15
33,52->40->6->18->0->96,5,114.50149034138984,0.0058525566157039,13.434624384500104,444.7787074988309,15
34,52->40->68->37->27->8->3->0->96,8,223.5914922931132,0.0095393914705063,13.843144049123008,487.2560359772219,15
35,52->40->24->7->3->0->96,6,126.86134130128086,0.0063660402246655,14.256351135371848,508.4479901465887,15
36,52->40->24->7->18->0->96,6,123.43456518764305,0.0063524638055224,14.784011827385644,502.5541629259638,15
37,52->40->24->22->19->18->0->96,7,129.84967903920108,0.0092464828424889,13.48844256489415,461.04803269298617,15
1,52->18->0->96,3,76.00926963713992,0.0018911284788719,5.482324348171019,191.39825806115925,16
2,52->18->0->5->96,4,75.60181910067071,0.005578090475268,3.8980187632171095,191.39825806115925,16
3,52->8->31->0->4->96,5,32.595099345668615,0.0094881357057065,8.997522501124422,87.36729559635947,16
4,52->18->7->5->96,4,80.10943367094109,0.0079254339601771,3.3074576583270625,191.39825806115925,16
5,52->18->7->39->5->96,5,97.24147504105616,0.0094483477389912,2.799579872320858,191.39825806115925,16
6,52->8->26->5->96,4,54.67184394729789,0.007020244694735,4.635326058370969,104.9906452443194,16
7,52->19->18->0->96,4,93.04466038046326,0.00462457596528,6.921470991165626,237.02158543918435,16
8,52->18->0->4->96,4,49.20042703072031,0.004568564824496,7.148326169594593,191.39825806115925,16
9,52->19->22->96,3,104.0888706151946,0.0048824634410687,6.668926761412449,237.02158543918435,16
10,52->19->45->0->4->96,5,75.30522030674594,0.0082149389092333,7.385226162925992,195.0598831034584,16
11,52->40->6->0->96,4,117.8183757689714,0.0065034124565241,9.48272492796548,329.225065645651,16
12,52->40->6->5->96,4,71.88285198784207,0.0065173839518483,7.805829597834694,437.82494266122296,16
13,52->19->5->96,3,78.48369407641349,0.0051094211668836,4.774695711559714,237.02158543918435,16
14,52->19->9->4->96,4,76.10462171210511,0.0074882317174171,5.373128045900009,237.02158543918435,16
15,52->19->9->0->4->96,5,63.78270741990531,0.008596878873352,8.28198638238044,237.02158543918435,16
16,52->8->41->5->96,4,70.16844484173127,0.0068394615602183,5.588022128735142,104.9906452443194,16
17,52->18->50->55->5->96,5,115.51562361105816,0.0082035489912309,3.0303458827448297,191.39825806115925,16
18,52->8->20->5->96,4,56.78412120989967,0.0069031823385388,6.701224152072496,104.9906452443194,16
19,52->19->18->0->4->96,5,66.23581777404365,0.0072946798125587,8.587472812589201,237.02158543918435,16
20,52->19->45->0->5->96,5,101.70661237669634,0.0092207665572692,4.134918756548508,195.0598831034584,16
21,52->19->26->5->96,4,85.33211317188263,0.0057636462204131,3.3698800742141355,129.61621770616708,16
22,52->8->35->0->4->96,5,39.90176115582595,0.0124245007900364,9.318790641110626,104.9906452443194,16
23,52->19->9->4->5->96,5,105.86491211490254,0.0082336050958513,4.141683309716964,202.8870475816289,16
24,52->19->18->7->5->96,5,97.14482441426442,0.0106423557371957,4.74660430132167,237.02158543918435,16
25,52->8->71->5->96,4,55.96905905010976,0.0070031171467477,5.1201135864508815,104.9906452443194,16
26,52->8->41->0->4->96,5,45.220932391797305,0.0113468481075127,10.420705252387588,104.9906452443194,16
27,52->19->18->50->55->5->96,6,132.55101435438152,0.0109197091150328,4.469492525739437,237.02158543918435,16
28,52->19->60->33->54->0->96,6,154.38727453181798,0.0043924035876907,10.814252083390643,237.02158543918435,16
29,52->40->24->7->3->0->96,6,126.86134130128086,0.0063660402246655,14.256351135371848,508.4479901465887,16
30,52->40->6->5->79->0->96,6,128.24101595808722,0.0068387114758718,13.648447529640098,444.7787074988309,16
1,52->18->0->96,3,76.00926963713992,0.0018911284788719,5.482324348171019,191.39825806115925,17
2,52->18->0->5->96,4,75.60181910067071,0.005578090475268,3.8980187632171095,191.39825806115925,17
3,52->18->0->4->96,4,49.20042703072031,0.004568564824496,7.148326169594593,191.39825806115925,17
4,52->8->31->0->4->96,5,32.595099345668615,0.0094881357057065,8.997522501124422,87.36729559635947,17
5,52->19->22->96,3,104.0888706151946,0.0048824634410687,6.668926761412449,237.02158543918435,17
6,52->18->7->5->96,4,80.10943367094109,0.0079254339601771,3.3074576583270625,191.39825806115925,17
7,52->8->26->5->96,4,54.67184394729789,0.007020244694735,4.635326058370969,104.9906452443194,17
8,52->19->5->96,3,78.48369407641349,0.0051094211668836,4.774695711559714,237.02158543918435,17
9,52->40->6->5->96,4,71.88285198784207,0.0065173839518483,7.805829597834694,437.82494266122296,17
10,52->19->9->4->96,4,76.10462171210511,0.0074882317174171,5.373128045900009,237.02158543918435,17
11,52->19->18->0->96,4,93.04466038046326,0.00462457596528,6.921470991165626,237.02158543918435,17
12,52->8->20->5->96,4,56.78412120989967,0.0069031823385388,6.701224152072496,104.9906452443194,17
13,52->18->7->39->5->96,5,97.24147504105616,0.0094483477389912,2.799579872320858,191.39825806115925,17
14,52->19->18->0->4->96,5,66.23581777404365,0.0072946798125587,8.587472812589201,237.02158543918435,17
15,52->18->50->55->5->96,5,115.51562361105816,0.0082035489912309,3.0303458827448297,191.39825806115925,17
16,52->19->26->5->96,4,85.33211317188263,0.0057636462204131,3.3698800742141355,129.61621770616708,17
17,52->19->9->4->5->96,5,105.86491211490254,0.0082336050958513,4.141683309716964,202.8870475816289,17
18,52->8->41->5->96,4,70.16844484173127,0.0068394615602183,5.588022128735142,104.9906452443194,17
19,52->40->6->0->96,4,117.8183757689714,0.0065034124565241,9.48272492796548,329.225065645651,17
20,52->8->26->7->18->0->4->96,7,48.52194631209497,0.0092505115651574,13.167264405016148,104.9906452443194,17
21,52->19->9->0->4->96,5,63.78270741990531,0.008596878873352,8.28198638238044,237.02158543918435,17
22,52->19->45->0->5->96,5,101.70661237669634,0.0092207665572692,4.134918756548508,195.0598831034584,17
23,52->19->45->0->4->96,5,75.30522030674594,0.0082149389092333,7.385226162925992,195.0598831034584,17
24,52->8->71->5->96,4,55.96905905010976,0.0070031171467477,5.1201135864508815,104.9906452443194,17
25,52->40->24->7->3->0->96,6,126.86134130128086,0.0063660402246655,14.256351135371848,508.4479901465887,17
26,52->19->18->50->55->5->96,6,132.55101435438152,0.0109197091150328,4.469492525739437,237.02158543918435,17
27,52->8->41->0->4->96,5,45.220932391797305,0.0113468481075127,10.420705252387588,104.9906452443194,17
28,52->19->60->33->54->0->96,6,154.38727453181798,0.0043924035876907,10.814252083390643,237.02158543918435,17
29,52->19->18->7->39->5->96,6,114.2768657843795,0.0121610988238543,4.238726515315466,237.02158543918435,17
30,52->40->68->37->87->0->5->96,7,189.22804441449435,0.013338754703343,7.745684082735371,259.2512267791424,17
31,52->8->35->0->4->96,5,39.90176115582595,0.0124245007900364,9.318790641110626,104.9906452443194,17
32,52->40->24->22->19->18->0->96,7,129.84967903920108,0.0092464828424889,13.48844256489415,461.04803269298617,17
33,52->18->7->13->5->96,5,74.9922787761628,0.0102290171823732,5.01415986307217,132.02530363108585,17
34,52->19->18->7->5->96,5,97.14482441426442,0.0106423557371957,4.74660430132167,237.02158543918435,17
35,52->40->6->18->0->96,5,114.50149034138984,0.0058525566157039,13.434624384500104,444.7787074988309,17
1,52->18->0->96,3,76.00926963713992,0.0018911284788719,5.482324348171019,191.39825806115925,18
2,52->18->7->5->96,4,80.10943367094109,0.0079254339601771,3.3074576583270625,191.39825806115925,18
3,52->18->0->4->96,4,49.20042703072031,0.004568564824496,7.148326169594593,191.39825806115925,18
4,52->8->31->0->4->96,5,32.595099345668615,0.0094881357057065,8.997522501124422,87.36729559635947,18
5,52->8->41->5->96,4,70.16844484173127,0.0068394615602183,5.588022128735142,104.9906452443194,18
6,52->18->0->5->96,4,75.60181910067071,0.005578090475268,3.8980187632171095,191.39825806115925,18
7,52->19->5->96,3,78.48369407641349,0.0051094211668836,4.774695711559714,237.02158543918435,18
8,52->18->50->55->5->96,5,115.51562361105816,0.0082035489912309,3.0303458827448297,191.39825806115925,18
9,52->19->9->4->96,4,76.10462171210511,0.0074882317174171,5.373128045900009,237.02158543918435,18
10,52->19->22->96,3,104.0888706151946,0.0048824634410687,6.668926761412449,237.02158543918435,18
11,52->40->6->5->96,4,71.88285198784207,0.0065173839518483,7.805829597834694,437.82494266122296,18
12,52->8->26->5->96,4,54.67184394729789,0.007020244694735,4.635326058370969,104.9906452443194,18
13,52->18->7->39->5->96,5,97.24147504105616,0.0094483477389912,2.799579872320858,191.39825806115925,18
14,52->40->24->7->75->0->96,6,154.8693498281898,0.0083169531908429,14.358523396036308,508.4479901465887,18
15,52->19->26->5->96,4,85.33211317188263,0.0057636462204131,3.3698800742141355,129.61621770616708,18
16,52->19->9->4->5->96,5,105.86491211490254,0.0082336050958513,4.141683309716964,202.8870475816289,18
17,52->8->35->0->4->96,5,39.90176115582595,0.0124245007900364,9.318790641110626,104.9906452443194,18
18,52->40->6->0->96,4,117.8183757689714,0.0065034124565241,9.48272492796548,329.225065645651,18
19,52->19->9->0->4->96,5,63.78270741990531,0.008596878873352,8.28198638238044,237.02158543918435,18
20,52->8->71->5->96,4,55.96905905010976,0.0070031171467477,5.1201135864508815,104.9906452443194,18
21,52->19->45->0->5->96,5,101.70661237669634,0.0092207665572692,4.134918756548508,195.0598831034584,18
22,52->19->45->0->4->96,5,75.30522030674594,0.0082149389092333,7.385226162925992,195.0598831034584,18
23,52->19->18->0->96,4,93.04466038046326,0.00462457596528,6.921470991165626,237.02158543918435,18
24,52->19->18->7->39->5->96,6,114.2768657843795,0.0121610988238543,4.238726515315466,237.02158543918435,18
25,52->19->18->7->5->96,5,97.14482441426442,0.0106423557371957,4.74660430132167,237.02158543918435,18
26,52->19->18->0->4->96,5,66.23581777404365,0.0072946798125587,8.587472812589201,237.02158543918435,18
27,52->19->18->50->55->5->96,6,132.55101435438152,0.0109197091150328,4.469492525739437,237.02158543918435,18
28,52->8->20->5->96,4,56.78412120989967,0.0069031823385388,6.701224152072496,104.9906452443194,18
29,52->18->0->13->5->96,5,72.8039050971172,0.0083967940847501,6.181263242014537,132.02530363108585,18
30,52->19->60->33->54->0->96,6,154.38727453181798,0.0043924035876907,10.814252083390643,237.02158543918435,18
31,52->19->60->33->54->18->0->96,7,145.69595689863343,0.0039800707773183,12.042140286812815,237.02158543918435,18
32,52->40->6->18->0->96,5,114.50149034138984,0.0058525566157039,13.434624384500104,444.7787074988309,18
33,52->8->41->0->4->96,5,45.220932391797305,0.0113468481075127,10.420705252387588,104.9906452443194,18
34,52->18->7->13->5->96,5,74.9922787761628,0.0102290171823732,5.01415986307217,132.02530363108585,18
1,52->18->0->5->96,4,75.60181910067071,0.005578090475268,3.8980187632171095,191.39825806115925,19
2,52->8->26->5->96,4,54.67184394729789,0.007020244694735,4.635326058370969,104.9906452443194,19
3,52->18->0->96,3,76.00926963713992,0.0018911284788719,5.482324348171019,191.39825806115925,19
4,52->18->0->4->96,4,49.20042703072031,0.004568564824496,7.148326169594593,191.39825806115925,19
5,52->19->22->96,3,104.0888706151946,0.0048824634410687,6.668926761412449,237.02158543918435,19
6,52->18->7->5->96,4,80.10943367094109,0.0079254339601771,3.3074576583270625,191.39825806115925,19
7,52->8->31->0->4->96,5,32.595099345668615,0.0094881357057065,8.997522501124422,87.36729559635947,19
8,52->19->26->5->96,4,85.33211317188263,0.0057636462204131,3.3698800742141355,129.61621770616708,19
9,52->19->5->96,3,78.48369407641349,0.0051094211668836,4.774695711559714,237.02158543918435,19
10,52->19->9->4->96,4,76.10462171210511,0.0074882317174171,5.373128045900009,237.02158543918435,19
11,52->40->6->0->96,4,117.8183757689714,0.0065034124565241,9.48272492796548,329.225065645651,19
12,52->18->7->39->5->96,5,97.24147504105616,0.0094483477389912,2.799579872320858,191.39825806115925,19
13,52->18->50->55->5->96,5,115.51562361105816,0.0082035489912309,3.0303458827448297,191.39825806115925,19
14,52->19->9->0->4->96,5,63.78270741990531,0.008596878873352,8.28198638238044,237.02158543918435,19
15,52->19->18->0->96,4,93.04466038046326,0.00462457596528,6.921470991165626,237.02158543918435,19
16,52->19->9->4->5->96,5,105.86491211490254,0.0082336050958513,4.141683309716964,202.8870475816289,19
17,52->8->71->5->96,4,55.96905905010976,0.0070031171467477,5.1201135864508815,104.9906452443194,19
18,52->8->35->0->4->96,5,39.90176115582595,0.0124245007900364,9.318790641110626,104.9906452443194,19
19,52->8->41->5->96,4,70.16844484173127,0.0068394615602183,5.588022128735142,104.9906452443194,19
20,52->40->6->5->96,4,71.88285198784207,0.0065173839518483,7.805829597834694,437.82494266122296,19
21,52->19->45->0->4->96,5,75.30522030674594,0.0082149389092333,7.385226162925992,195.0598831034584,19
22,52->19->45->0->5->96,5,101.70661237669634,0.0092207665572692,4.134918756548508,195.0598831034584,19
23,52->40->6->19->18->0->96,6,147.20146829451164,0.0089616611106376,13.282381852089284,444.7787074988309,19
24,52->8->41->0->4->96,5,45.220932391797305,0.0113468481075127,10.420705252387588,104.9906452443194,19
25,52->40->6->18->0->96,5,114.50149034138984,0.0058525566157039,13.434624384500104,444.7787074988309,19
26,52->40->68->37->27->8->3->0->96,8,223.5914922931132,0.0095393914705063,13.843144049123008,487.2560359772219,19
27,52->8->20->5->96,4,56.78412120989967,0.0069031823385388,6.701224152072496,104.9906452443194,19
28,52->19->60->33->54->0->96,6,154.38727453181798,0.0043924035876907,10.814252083390643,237.02158543918435,19
29,52->19->18->7->5->96,5,97.14482441426442,0.0106423557371957,4.74660430132167,237.02158543918435,19
30,52->19->18->0->4->96,5,66.23581777404365,0.0072946798125587,8.587472812589201,237.02158543918435,19
31,52->40->24->7->18->0->96,6,123.43456518764305,0.0063524638055224,14.784011827385644,502.5541629259638,19
32,52->40->24->7->3->0->96,6,126.86134130128086,0.0063660402246655,14.256351135371848,508.4479901465887,19
1,52->18->0->96,3,76.00926963713992,0.0018911284788719,5.482324348171019,191.39825806115925,20
2,52->18->0->5->96,4,75.60181910067071,0.005578090475268,3.8980187632171095,191.39825806115925,20
3,52->18->0->4->96,4,49.20042703072031,0.004568564824496,7.148326169594593,191.39825806115925,20
4,52->19->9->4->96,4,76.10462171210511,0.0074882317174171,5.373128045900009,237.02158543918435,20
5,52->8->31->0->4->96,5,32.595099345668615,0.0094881357057065,8.997522501124422,87.36729559635947,20
6,52->18->7->5->96,4,80.10943367094109,0.0079254339601771,3.3074576583270625,191.39825806115925,20
7,52->19->26->5->96,4,85.33211317188263,0.0057636462204131,3.3698800742141355,129.61621770616708,20
8,52->8->26->5->96,4,54.67184394729789,0.007020244694735,4.635326058370969,104.9906452443194,20
9,52->19->22->96,3,104.0888706151946,0.0048824634410687,6.668926761412449,237.02158543918435,20
10,52->19->5->96,3,78.48369407641349,0.0051094211668836,4.774695711559714,237.02158543918435,20
11,52->8->41->5->96,4,70.16844484173127,0.0068394615602183,5.588022128735142,104.9906452443194,20
12,52->19->18->0->4->96,5,66.23581777404365,0.0072946798125587,8.587472812589201,237.02158543918435,20
13,52->8->71->5->96,4,55.96905905010976,0.0070031171467477,5.1201135864508815,104.9906452443194,20
14,52->19->18->0->96,4,93.04466038046326,0.00462457596528,6.921470991165626,237.02158543918435,20
15,52->40->6->0->96,4,117.8183757689714,0.0065034124565241,9.48272492796548,329.225065645651,20
16,52->19->45->0->4->96,5,75.30522030674594,0.0082149389092333,7.385226162925992,195.0598831034584,20
17,52->8->35->0->4->96,5,39.90176115582595,0.0124245007900364,9.318790641110626,104.9906452443194,20
18,52->19->9->0->4->96,5,63.78270741990531,0.008596878873352,8.28198638238044,237.02158543918435,20
19,52->18->7->39->5->96,5,97.24147504105616,0.0094483477389912,2.799579872320858,191.39825806115925,20
20,52->8->20->5->96,4,56.78412120989967,0.0069031823385388,6.701224152072496,104.9906452443194,20
21,52->19->9->4->5->96,5,105.86491211490254,0.0082336050958513,4.141683309716964,202.8870475816289,20
22,52->40->6->5->96,4,71.88285198784207,0.0065173839518483,7.805829597834694,437.82494266122296,20
23,52->19->60->33->54->0->96,6,154.38727453181798,0.0043924035876907,10.814252083390643,237.02158543918435,20
24,52->19->45->0->5->96,5,101.70661237669634,0.0092207665572692,4.134918756548508,195.0598831034584,20
25,52->19->18->7->5->96,5,97.14482441426442,0.0106423557371957,4.74660430132167,237.02158543918435,20
26,52->18->50->55->5->96,5,115.51562361105816,0.0082035489912309,3.0303458827448297,191.39825806115925,20
27,52->40->6->19->18->0->96,6,147.20146829451164,0.0089616611106376,13.282381852089284,444.7787074988309,20
28,52->40->6->18->0->96,5,114.50149034138984,0.0058525566157039,13.434624384500104,444.7787074988309,20
29,52->19->18->50->55->5->96,6,132.55101435438152,0.0109197091150328,4.469492525739437,237.02158543918435,20
30,52->19->18->7->39->5->96,6,114.2768657843795,0.0121610988238543,4.238726515315466,237.02158543918435,20
31,52->40->24->7->18->0->96,6,123.43456518764305,0.0063524638055224,14.784011827385644,502.5541629259638,20
32,52->40->24->7->3->0->96,6,126.86134130128086,0.0063660402246655,14.256351135371848,508.4479901465887,20
33,52->8->26->7->18->0->4->96,7,48.52194631209497,0.0092505115651574,13.167264405016148,104.9906452443194,20
34,52->40->68->37->87->0->5->96,7,189.22804441449435,0.013338754703343,7.745684082735371,259.2512267791424,20
1,52->18->0->96,3,76.00926963713992,0.0018911284788719,5.482324348171019,191.39825806115925,21
2,52->8->26->5->96,4,54.67184394729789,0.007020244694735,4.635326058370969,104.9906452443194,21
3,52->18->7->5->96,4,80.10943367094109,0.0079254339601771,3.3074576583270625,191.39825806115925,21
4,52->18->0->4->96,4,49.20042703072031,0.004568564824496,7.148326169594593,191.39825806115925,21
5,52->8->31->0->4->96,5,32.595099345668615,0.0094881357057065,8.997522501124422,87.36729559635947,21
6,52->19->22->96,3,104.0888706151946,0.0048824634410687,6.668926761412449,237.02158543918435,21
7,52->18->0->5->96,4,75.60181910067071,0.005578090475268,3.8980187632171095,191.39825806115925,21
8,52->40->6->5->96,4,71.88285198784207,0.0065173839518483,7.805829597834694,437.82494266122296,21
9,52->19->45->0->4->96,5,75.30522030674594,0.0082149389092333,7.385226162925992,195.0598831034584,21
10,52->19->9->4->96,4,76.10462171210511,0.0074882317174171,5.373128045900009,237.02158543918435,21
11,52->8->41->5->96,4,70.16844484173127,0.0068394615602183,5.588022128735142,104.9906452443194,21
12,52->19->18->0->96,4,93.04466038046326,0.00462457596528,6.921470991165626,237.02158543918435,21
13,52->18->7->39->5->96,5,97.24147504105616,0.0094483477389912,2.799579872320858,191.39825806115925,21
14,52->19->26->5->96,4,85.33211317188263,0.0057636462204131,3.3698800742141355,129.61621770616708,21
15,52->19->45->0->5->96,5,101.70661237669634,0.0092207665572692,4.134918756548508,195.0598831034584,21
16,52->19->5->96,3,78.48369407641349,0.0051094211668836,4.774695711559714,237.02158543918435,21
17,52->8->71->5->96,4,55.96905905010976,0.0070031171467477,5.1201135864508815,104.9906452443194,21
18,52->19->9->4->5->96,5,105.86491211490254,0.0082336050958513,4.141683309716964,202.8870475816289,21
19,52->19->18->0->4->96,5,66.23581777404365,0.0072946798125587,8.587472812589201,237.02158543918435,21
20,52->18->7->13->5->96,5,74.9922787761628,0.0102290171823732,5.01415986307217,132.02530363108585,21
21,52->40->6->0->96,4,117.8183757689714,0.0065034124565241,9.48272492796548,329.225065645651,21
22,52->18->50->55->5->96,5,115.51562361105816,0.0082035489912309,3.0303458827448297,191.39825806115925,21
23,52->19->9->0->4->96,5,63.78270741990531,0.008596878873352,8.28198638238044,237.02158543918435,21
24,52->19->18->7->5->96,5,97.14482441426442,0.0106423557371957,4.74660430132167,237.02158543918435,21
25,52->8->20->5->96,4,56.78412120989967,0.0069031823385388,6.701224152072496,104.9906452443194,21
26,52->40->6->18->0->96,5,114.50149034138984,0.0058525566157039,13.434624384500104,444.7787074988309,21
27,52->18->0->13->5->96,5,72.8039050971172,0.0083967940847501,6.181263242014537,132.02530363108585,21
28,52->40->24->22->19->18->0->96,7,129.84967903920108,0.0092464828424889,13.48844256489415,461.04803269298617,21
29,52->19->18->50->55->5->96,6,132.55101435438152,0.0109197091150328,4.469492525739437,237.02158543918435,21
30,52->8->41->0->4->96,5,45.220932391797305,0.0113468481075127,10.420705252387588,104.9906452443194,21
31,52->40->24->7->3->0->96,6,126.86134130128086,0.0063660402246655,14.256351135371848,508.4479901465887,21
32,52->8->35->0->4->96,5,39.90176115582595,0.0124245007900364,9.318790641110626,104.9906452443194,21
33,52->19->60->33->54->18->0->96,7,145.69595689863343,0.0039800707773183,12.042140286812815,237.02158543918435,21
34,52->19->60->33->54->0->96,6,154.38727453181798,0.0043924035876907,10.814252083390643,237.02158543918435,21
35,52->40->68->37->27->8->3->0->96,8,223.5914922931132,0.0095393914705063,13.843144049123008,487.2560359772219,21
1,52->18->0->96,3,76.00926963713992,0.0018911284788719,5.482324348171019,191.39825806115925,22
2,52->19->9->4->96,4,76.10462171210511,0.0074882317174171,5.373128045900009,237.02158543918435,22
3,52->18->7->39->5->96,5,97.24147504105616,0.0094483477389912,2.799579872320858,191.39825806115925,22
4,52->18->7->5->96,4,80.10943367094109,0.0079254339601771,3.3074576583270625,191.39825806115925,22
5,52->8->26->5->96,4,54.67184394729789,0.007020244694735,4.635326058370969,104.9906452443194,22
6,52->18->0->4->96,4,49.20042703072031,0.004568564824496,7.148326169594593,191.39825806115925,22
7,52->8->31->0->4->96,5,32.595099345668615,0.0094881357057065,8.997522501124422,87.36729559635947,22
8,52->19->22->96,3,104.0888706151946,0.0048824634410687,6.668926761412449,237.02158543918435,22
9,52->19->18->0->96,4,93.04466038046326,0.00462457596528,6.921470991165626,237.02158543918435,22
10,52->19->9->0->4->96,5,63.78270741990531,0.008596878873352,8.28198638238044,237.02158543918435,22
11,52->40->6->0->96,4,117.8183757689714,0.0065034124565241,9.48272492796548,329.225065645651,22
12,52->19->5->96,3,78.48369407641349,0.0051094211668836,4.774695711559714,237.02158543918435,22
13,52->8->20->5->96,4,56.78412120989967,0.0069031823385388,6.701224152072496,104.9906452443194,22
14,52->18->50->55->5->96,5,115.51562361105816,0.0082035489912309,3.0303458827448297,191.39825806115925,22
15,52->40->6->5->96,4,71.88285198784207,0.0065173839518483,7.805829597834694,437.82494266122296,22
16,52->19->26->5->96,4,85.33211317188263,0.0057636462204131,3.3698800742141355,129.61621770616708,22
17,52->19->9->4->5->96,5,105.86491211490254,0.0082336050958513,4.141683309716964,202.8870475816289,22
18,52->18->0->5->96,4,75.60181910067071,0.005578090475268,3.8980187632171095,191.39825806115925,22
19,52->8->41->5->96,4,70.16844484173127,0.0068394615602183,5.588022128735142,104.9906452443194,22
20,52->8->71->5->96,4,55.96905905010976,0.0070031171467477,5.1201135864508815,104.9906452443194,22
21,52->18->7->13->5->96,5,74.9922787761628,0.0102290171823732,5.01415986307217,132.02530363108585,22
22,52->19->45->0->4->96,5,75.30522030674594,0.0082149389092333,7.385226162925992,195.0598831034584,22
23,52->19->18->7->5->96,5,97.14482441426442,0.0106423557371957,4.74660430132167,237.02158543918435,22
24,52->40->68->37->87->0->5->96,7,189.22804441449435,0.013338754703343,7.745684082735371,259.2512267791424,22
25,52->19->18->0->4->96,5,66.23581777404365,0.0072946798125587,8.587472812589201,237.02158543918435,22
26,52->8->35->0->4->96,5,39.90176115582595,0.0124245007900364,9.318790641110626,104.9906452443194,22
27,52->19->18->50->55->5->96,6,132.55101435438152,0.0109197091150328,4.469492525739437,237.02158543918435,22
28,52->40->24->7->3->0->96,6,126.86134130128086,0.0063660402246655,14.256351135371848,508.4479901465887,22
29,52->40->24->7->18->0->96,6,123.43456518764305,0.0063524638055224,14.784011827385644,502.5541629259638,22
30,52->40->6->18->0->96,5,114.50149034138984,0.0058525566157039,13.434624384500104,444.7787074988309,22
31,52->19->45->0->5->96,5,101.70661237669634,0.0092207665572692,4.134918756548508,195.0598831034584,22
1,52->18->0->4->96,4,49.20042703072031,0.004568564824496,7.148326169594593,191.39825806115925,23
2,52->8->26->5->96,4,54.67184394729789,0.007020244694735,4.635326058370969,104.9906452443194,23
3,52->8->31->0->4->96,5,32.595099345668615,0.0094881357057065,8.997522501124422,87.36729559635947,23
4,52->18->7->5->96,4,80.10943367094109,0.0079254339601771,3.3074576583270625,191.39825806115925,23
5,52->18->0->96,3,76.00926963713992,0.0018911284788719,5.482324348171019,191.39825806115925,23
6,52->19->26->5->96,4,85.33211317188263,0.0057636462204131,3.3698800742141355,129.61621770616708,23
7,52->19->9->4->96,4,76.10462171210511,0.0074882317174171,5.373128045900009,237.02158543918435,23
8,52->19->22->96,3,104.0888706151946,0.0048824634410687,6.668926761412449,237.02158543918435,23
9,52->19->18->7->39->5->96,6,114.2768657843795,0.0121610988238543,4.238726515315466,237.02158543918435,23
10,52->19->5->96,3,78.48369407641349,0.0051094211668836,4.774695711559714,237.02158543918435,23
11,52->19->18->0->96,4,93.04466038046326,0.00462457596528,6.921470991165626,237.02158543918435,23
12,52->40->6->5->96,4,71.88285198784207,0.0065173839518483,7.805829597834694,437.82494266122296,23
13,52->18->7->39->5->96,5,97.24147504105616,0.0094483477389912,2.799579872320858,191.39825806115925,23
14,52->19->18->7->5->96,5,97.14482441426442,0.0106423557371957,4.74660430132167,237.02158543918435,23
15,52->18->0->5->96,4,75.60181910067071,0.005578090475268,3.8980187632171095,191.39825806115925,23
16,52->40->6->0->96,4,117.8183757689714,0.0065034124565241,9.48272492796548,329.225065645651,23
17,52->19->9->4->5->96,5,105.86491211490254,0.0082336050958513,4.141683309716964,202.8870475816289,23
18,52->8->20->5->96,4,56.78412120989967,0.0069031823385388,6.701224152072496,104.9906452443194,23
19,52->18->50->55->5->96,5,115.51562361105816,0.0082035489912309,3.0303458827448297,191.39825806115925,23
20,52->19->9->0->4->96,5,63.78270741990531,0.008596878873352,8.28198638238044,237.02158543918435,23
21,52->19->60->33->54->18->0->96,7,145.69595689863343,0.0039800707773183,12.042140286812815,237.02158543918435,23
22,52->8->41->0->4->96,5,45.220932391797305,0.0113468481075127,10.420705252387588,104.9906452443194,23
23,52->19->45->0->4->96,5,75.30522030674594,0.0082149389092333,7.385226162925992,195.0598831034584,23
24,52->8->71->5->96,4,55.96905905010976,0.0070031171467477,5.1201135864508815,104.9906452443194,23
25,52->19->60->33->54->0->96,6,154.38727453181798,0.0043924035876907,10.814252083390643,237.02158543918435,23
26,52->19->18->0->4->96,5,66.23581777404365,0.0072946798125587,8.587472812589201,237.02158543918435,23
27,52->19->45->0->5->96,5,101.70661237669634,0.0092207665572692,4.134918756548508,195.0598831034584,23
28,52->8->35->0->4->96,5,39.90176115582595,0.0124245007900364,9.318790641110626,104.9906452443194,23
29,52->19->18->50->55->5->96,6,132.55101435438152,0.0109197091150328,4.469492525739437,237.02158543918435,23
30,52->40->24->7->3->0->96,6,126.86134130128086,0.0063660402246655,14.256351135371848,508.4479901465887,23
31,52->8->41->5->96,4,70.16844484173127,0.0068394615602183,5.588022128735142,104.9906452443194,23
32,52->40->6->18->0->96,5,114.50149034138984,0.0058525566157039,13.434624384500104,444.7787074988309,23
33,52->18->7->13->5->96,5,74.9922787761628,0.0102290171823732,5.01415986307217,132.02530363108585,23
34,52->8->26->7->18->0->4->96,7,48.52194631209497,0.0092505115651574,13.167264405016148,104.9906452443194,23
35,52->18->0->13->5->96,5,72.8039050971172,0.0083967940847501,6.181263242014537,132.02530363108585,23
1,52->18->0->96,3,76.00926963713992,0.0018911284788719,5.482324348171019,191.39825806115925,24
2,52->19->22->96,3,104.0888706151946,0.0048824634410687,6.668926761412449,237.02158543918435,24
3,52->18->0->4->96,4,49.20042703072031,0.004568564824496,7.148326169594593,191.39825806115925,24
4,52->8->31->0->4->96,5,32.595099345668615,0.0094881357057065,8.997522501124422,87.36729559635947,24
5,52->18->0->5->96,4,75.60181910067071,0.005578090475268,3.8980187632171095,191.39825806115925,24
6,52->8->26->5->96,4,54.67184394729789,0.007020244694735,4.635326058370969,104.9906452443194,24
7,52->19->26->5->96,4,85.33211317188263,0.0057636462204131,3.3698800742141355,129.61621770616708,24
8,52->8->71->5->96,4,55.96905905010976,0.0070031171467477,5.1201135864508815,104.9906452443194,24
9,52->19->5->96,3,78.48369407641349,0.0051094211668836,4.774695711559714,237.02158543918435,24
10,52->19->9->4->96,4,76.10462171210511,0.0074882317174171,5.373128045900009,237.02158543918435,24
11,52->19->18->0->96,4,93.04466038046326,0.00462457596528,6.921470991165626,237.02158543918435,24
12,52->19->18->0->4->96,5,66.23581777404365,0.0072946798125587,8.587472812589201,237.02158543918435,24
13,52->19->9->4->5->96,5,105.86491211490254,0.0082336050958513,4.141683309716964,202.8870475816289,24
14,52->40->6->5->96,4,71.88285198784207,0.0065173839518483,7.805829597834694,437.82494266122296,24
15,52->40->6->0->96,4,117.8183757689714,0.0065034124565241,9.48272492796548,329.225065645651,24
16,52->8->20->5->96,4,56.78412120989967,0.0069031823385388,6.701224152072496,104.9906452443194,24
17,52->18->7->5->96,4,80.10943367094109,0.0079254339601771,3.3074576583270625,191.39825806115925,24
18,52->19->18->7->5->96,5,97.14482441426442,0.0106423557371957,4.74660430132167,237.02158543918435,24
19,52->19->45->0->4->96,5,75.30522030674594,0.0082149389092333,7.385226162925992,195.0598831034584,24
20,52->40->24->22->19->18->0->96,7,129.84967903920108,0.0092464828424889,13.48844256489415,461.04803269298617,24
21,52->19->9->0->4->96,5,63.78270741990531,0.008596878873352,8.28198638238044,237.02158543918435,24
22,52->8->35->0->4->96,5,39.90176115582595,0.0124245007900364,9.318790641110626,104.9906452443194,24
23,52->18->50->55->5->96,5,115.51562361105816,0.0082035489912309,3.0303458827448297,191.39825806115925,24
24,52->19->45->0->5->96,5,101.70661237669634,0.0092207665572692,4.134918756548508,195.0598831034584,24
25,52->18->7->39->5->96,5,97.24147504105616,0.0094483477389912,2.799579872320858,191.39825806115925,24
26,52->18->0->13->5->96,5,72.8039050971172,0.0083967940847501,6.181263242014537,132.02530363108585,24
27,52->8->41->5->96,4,70.16844484173127,0.0068394615602183,5.588022128735142,104.9906452443194,24
28,52->40->68->37->87->0->5->96,7,189.22804441449435,0.013338754703343,7.745684082735371,259.2512267791424,24
29,52->19->18->7->39->5->96,6,114.2768657843795,0.0121610988238543,4.238726515315466,237.02158543918435,24
30,52->19->60->33->54->0->96,6,154.38727453181798,0.0043924035876907,10.814252083390643,237.02158543918435,24
31,52->19->60->33->54->18->0->96,7,145.69595689863343,0.0039800707773183,12.042140286812815,237.02158543918435,24
32,52->40->6->18->0->96,5,114.50149034138984,0.0058525566157039,13.434624384500104,444.7787074988309,24
33,52->40->6->19->18->0->96,6,147.20146829451164,0.0089616611106376,13.282381852089284,444.7787074988309,24
34,52->8->41->0->4->96,5,45.220932391797305,0.0113468481075127,10.420705252387588,104.9906452443194,24
35,52->40->24->7->18->0->96,6,123.43456518764305,0.0063524638055224,14.784011827385644,502.5541629259638,24
1,52->18->0->96,3,76.00926963713992,0.0018911284788719,5.482324348171019,191.39825806115925,25
2,52->18->7->5->96,4,80.10943367094109,0.0079254339601771,3.3074576583270625,191.39825806115925,25
3,52->8->26->5->96,4,54.67184394729789,0.007020244694735,4.635326058370969,104.9906452443194,25
4,52->19->22->96,3,104.0888706151946,0.0048824634410687,6.668926761412449,237.02158543918435,25
5,52->8->31->0->4->96,5,32.595099345668615,0.0094881357057065,8.997522501124422,87.36729559635947,25
6,52->19->26->5->96,4,85.33211317188263,0.0057636462204131,3.3698800742141355,129.61621770616708,25
7,52->18->0->5->96,4,75.60181910067071,0.005578090475268,3.8980187632171095,191.39825806115925,25
8,52->19->5->96,3,78.48369407641349,0.0051094211668836,4.774695711559714,237.02158543918435,25
9,52->40->6->5->96,4,71.88285198784207,0.0065173839518483,7.805829597834694,437.82494266122296,25
10,52->18->0->4->96,4,49.20042703072031,0.004568564824496,7.148326169594593,191.39825806115925,25
11,52->19->9->4->96,4,76.10462171210511,0.0074882317174171,5.373128045900009,237.02158543918435,25
12,52->8->71->5->96,4,55.96905905010976,0.0070031171467477,5.1201135864508815,104.9906452443194,25
13,52->40->6->0->96,4,117.8183757689714,0.0065034124565241,9.48272492796548,329.225065645651,25
14,52->18->7->39->5->96,5,97.24147504105616,0.0094483477389912,2.799579872320858,191.39825806115925,25
15,52->19->9->4->5->96,5,105.86491211490254,0.0082336050958513,4.141683309716964,202.8870475816289,25
16,52->19->60->33->54->0->96,6,154.38727453181798,0.0043924035876907,10.814252083390643,237.02158543918435,25
17,52->19->45->0->4->96,5,75.30522030674594,0.0082149389092333,7.385226162925992,195.0598831034584,25
18,52->19->9->0->4->96,5,63.78270741990531,0.008596878873352,8.28198638238044,237.02158543918435,25
19,52->19->18->0->4->96,5,66.23581777404365,0.0072946798125587,8.587472812589201,237.02158543918435,25
20,52->19->18->0->96,4,93.04466038046326,0.00462457596528,6.921470991165626,237.02158543918435,25
21,52->18->50->55->5->96,5,115.51562361105816,0.0082035489912309,3.0303458827448297,191.39825806115925,25
22,52->8->20->5->96,4,56.78412120989967,0.0069031823385388,6.701224152072496,104.9906452443194,25
23,52->40->24->7->18->0->96,6,123.43456518764305,0.0063524638055224,14.784011827385644,502.5541629259638,25
24,52->8->35->0->4->96,5,39.90176115582595,0.0124245007900364,9.318790641110626,104.9906452443194,25
25,52->19->45->0->5->96,5,101.70661237669634,0.0092207665572692,4.134918756548508,195.0598831034584,25
26,52->8->41->5->96,4,70.16844484173127,0.0068394615602183,5.588022128735142,104.9906452443194,25
27,52->40->6->18->0->96,5,114.50149034138984,0.0058525566157039,13.434624384500104,444.7787074988309,25
28,52->18->0->13->5->96,5,72.8039050971172,0.0083967940847501,6.181263242014537,132.02530363108585,25
29,52->8->41->0->4->96,5,45.220932391797305,0.0113468481075127,10.420705252387588,104.9906452443194,25
30,52->40->24->7->3->0->96,6,126.86134130128086,0.0063660402246655,14.256351135371848,508.4479901465887,25
31,52->19->18->50->55->5->96,6,132.55101435438152,0.0109197091150328,4.469492525739437,237.02158543918435,25
1,52->18->0->96,3,76.00926963713992,0.0018911284788719,5.482324348171019,191.39825806115925,26
2,52->18->0->5->96,4,75.60181910067071,0.005578090475268,3.8980187632171095,191.39825806115925,26
3,52->19->9->4->96,4,76.10462171210511,0.0074882317174171,5.373128045900009,237.02158543918435,26
4,52->18->0->4->96,4,49.20042703072031,0.004568564824496,7.148326169594593,191.39825806115925,26
5,52->8->31->0->4->96,5,32.595099345668615,0.0094881357057065,8.997522501124422,87.36729559635947,26
6,52->18->7->5->96,4,80.10943367094109,0.0079254339601771,3.3074576583270625,191.39825806115925,26
7,52->19->5->96,3,78.48369407641349,0.0051094211668836,4.774695711559714,237.02158543918435,26
8,52->19->22->96,3,104.0888706151946,0.0048824634410687,6.668926761412449,237.02158543918435,26
9,52->8->26->5->96,4,54.67184394729789,0.007020244694735,4.635326058370969,104.9906452443194,26
10,52->19->9->0->4->96,5,63.78270741990531,0.008596878873352,8.28198638238044,237.02158543918435,26
11,52->19->18->0->96,4,93.04466038046326,0.00462457596528,6.921470991165626,237.02158543918435,26
12,52->40->24->7->3->0->96,6,126.86134130128086,0.0063660402246655,14.256351135371848,508.4479901465887,26
13,52->40->6->5->96,4,71.88285198784207,0.0065173839518483,7.805829597834694,437.82494266122296,26
14,52->40->6->0->96,4,117.8183757689714,0.0065034124565241,9.48272492796548,329.225065645651,26
15,52->19->9->4->5->96,5,105.86491211490254,0.0082336050958513,4.141683309716964,202.8870475816289,26
16,52->8->20->5->96,4,56.78412120989967,0.0069031823385388,6.701224152072496,104.9906452443194,26
17,52->19->26->5->96,4,85.33211317188263,0.0057636462204131,3.3698800742141355,129.61621770616708,26
18,52->18->7->39->5->96,5,97.24147504105616,0.0094483477389912,2.799579872320858,191.39825806115925,26
19,52->19->45->0->5->96,5,101.70661237669634,0.0092207665572692,4.134918756548508,195.0598831034584,26
20,52->19->45->0->4->96,5,75.30522030674594,0.0082149389092333,7.385226162925992,195.0598831034584,26
21,52->18->50->55->5->96,5,115.51562361105816,0.0082035489912309,3.0303458827448297,191.39825806115925,26
22,52->8->71->5->96,4,55.96905905010976,0.0070031171467477,5.1201135864508815,104.9906452443194,26
23,52->8->35->0->4->96,5,39.90176115582595,0.0124245007900364,9.318790641110626,104.9906452443194,26
24,52->19->18->0->4->96,5,66.23581777404365,0.0072946798125587,8.587472812589201,237.02158543918435,26
25,52->8->41->5->96,4,70.16844484173127,0.0068394615602183,5.588022128735142,104.9906452443194,26
26,52->8->41->0->4->96,5,45.220932391797305,0.0113468481075127,10.420705252387588,104.9906452443194,26
27,52->40->24->7->18->0->96,6,123.43456518764305,0.0063524638055224,14.784011827385644,502.5541629259638,26
28,52->19->18->7->5->96,5,97.14482441426442,0.0106423557371957,4.74660430132167,237.02158543918435,26
29,52->18->0->13->5->96,5,72.8039050971172,0.0083967940847501,6.181263242014537,132.02530363108585,26
30,52->19->60->33->54->0->96,6,154.38727453181798,0.0043924035876907,10.814252083390643,237.02158543918435,26
31,52->40->68->37->27->8->3->0->96,8,223.5914922931132,0.0095393914705063,13.843144049123008,487.2560359772219,26
32,52->19->18->50->55->5->96,6,132.55101435438152,0.0109197091150328,4.469492525739437,237.02158543918435,26
33,52->40->6->18->0->96,5,114.50149034138984,0.0058525566157039,13.434624384500104,444.7787074988309,26
1,52->18->0->96,3,76.00926963713992,0.0018911284788719,5.482324348171019,191.39825806115925,27
2,52->18->0->4->96,4,49.20042703072031,0.004568564824496,7.148326169594593,191.39825806115925,27
3,52->18->7->39->5->96,5,97.24147504105616,0.0094483477389912,2.799579872320858,191.39825806115925,27
4,52->8->31->0->4->96,5,32.595099345668615,0.0094881357057065,8.997522501124422,87.36729559635947,27
5,52->8->26->5->96,4,54.67184394729789,0.007020244694735,4.635326058370969,104.9906452443194,27
6,52->18->7->5->96,4,80.10943367094109,0.0079254339601771,3.3074576583270625,191.39825806115925,27
7,52->8->71->5->96,4,55.96905905010976,0.0070031171467477,5.1201135864508815,104.9906452443194,27
8,52->8->41->0->4->96,5,45.220932391797305,0.0113468481075127,10.420705252387588,104.9906452443194,27
9,52->19->22->96,3,104.0888706151946,0.0048824634410687,6.668926761412449,237.02158543918435,27
10,52->19->26->5->96,4,85.33211317188263,0.0057636462204131,3.3698800742141355,129.61621770616708,27
11,52->19->5->96,3,78.48369407641349,0.0051094211668836,4.774695711559714,237.02158543918435,27
12,52->40->6->5->96,4,71.88285198784207,0.0065173839518483,7.805829597834694,437.82494266122296,27
13,52->19->9->4->96,4,76.10462171210511,0.0074882317174171,5.373128045900009,237.02158543918435,27
14,52->19->18->0->96,4,93.04466038046326,0.00462457596528,6.921470991165626,237.02158543918435,27
15,52->19->60->33->54->18->0->96,7,145.69595689863343,0.0039800707773183,12.042140286812815,237.02158543918435,27
16,52->40->24->22->19->18->0->96,7,129.84967903920108,0.0092464828424889,13.48844256489415,461.04803269298617,27
17,52->18->0->5->96,4,75.60181910067071,0.005578090475268,3.8980187632171095,191.39825806115925,27
18,52->18->7->13->5->96,5,74.9922787761628,0.0102290171823732,5.01415986307217,132.02530363108585,27
19,52->19->18->50->55->5->96,6,132.55101435438152,0.0109197091150328,4.469492525739437,237.02158543918435,27
20,52->40->6->0->96,4,117.8183757689714,0.0065034124565241,9.48272492796548,329.225065645651,27
21,52->18->50->55->5->96,5,115.51562361105816,0.0082035489912309,3.0303458827448297,191.39825806115925,27
22,52->19->18->7->5->96,5,97.14482441426442,0.0106423557371957,4.74660430132167,237.02158543918435,27
23,52->19->9->0->4->96,5,63.78270741990531,0.008596878873352,8.28198638238044,237.02158543918435,27
24,52->19->45->0->4->96,5,75.30522030674594,0.0082149389092333,7.385226162925992,195.0598831034584,27
25,52->19->18->0->4->96,5,66.23581777404365,0.0072946798125587,8.587472812589201,237.02158543918435,27
26,52->40->6->19->18->0->96,6,147.20146829451164,0.0089616611106376,13.282381852089284,444.7787074988309,27
27,52->40->6->18->0->96,5,114.50149034138984,0.0058525566157039,13.434624384500104,444.7787074988309,27
28,52->8->41->5->96,4,70.16844484173127,0.0068394615602183,5.588022128735142,104.9906452443194,27
29,52->8->20->5->96,4,56.78412120989967,0.0069031823385388,6.701224152072496,104.9906452443194,27
30,52->40->24->7->75->0->96,6,154.8693498281898,0.0083169531908429,14.358523396036308,508.4479901465887,27
31,52->19->45->0->5->96,5,101.70661237669634,0.0092207665572692,4.134918756548508,195.0598831034584,27
32,52->19->9->4->5->96,5,105.86491211490254,0.0082336050958513,4.141683309716964,202.8870475816289,27
33,52->18->0->13->5->96,5,72.8039050971172,0.0083967940847501,6.181263242014537,132.02530363108585,27
34,52->19->18->7->39->5->96,6,114.2768657843795,0.0121610988238543,4.238726515315466,237.02158543918435,27
35,52->8->35->0->4->96,5,39.90176115582595,0.0124245007900364,9.318790641110626,104.9906452443194,27
36,52->40->24->7->18->0->96,6,123.43456518764305,0.0063524638055224,14.784011827385644,502.5541629259638,27
1,52->18->0->4->96,4,49.20042703072031,0.004568564824496,7.148326169594593,191.39825806115925,28
2,52->8->31->0->4->96,5,32.595099345668615,0.0094881357057065,8.997522501124422,87.36729559635947,28
3,52->18->7->39->5->96,5,97.24147504105616,0.0094483477389912,2.799579872320858,191.39825806115925,28
4,52->18->0->96,3,76.00926963713992,0.0018911284788719,5.482324348171019,191.39825806115925,28
5,52->8->26->5->96,4,54.67184394729789,0.007020244694735,4.635326058370969,104.9906452443194,28
6,52->18->7->5->96,4,80.10943367094109,0.0079254339601771,3.3074576583270625,191.39825806115925,28
7,52->18->0->5->96,4,75.60181910067071,0.005578090475268,3.8980187632171095,191.39825806115925,28
8,52->19->22->96,3,104.0888706151946,0.0048824634410687,6.668926761412449,237.02158543918435,28
9,52->19->26->5->96,4,85.33211317188263,0.0057636462204131,3.3698800742141355,129.61621770616708,28
10,52->19->9->4->96,4,76.10462171210511,0.0074882317174171,5.373128045900009,237.02158543918435,28
11,52->8->41->0->4->96,5,45.220932391797305,0.0113468481075127,10.420705252387588,104.9906452443194,28
12,52->8->41->5->96,4,70.16844484173127,0.0068394615602183,5.588022128735142,104.9906452443194,28
13,52->40->6->5->96,4,71.88285198784207,0.0065173839518483,7.805829597834694,437.82494266122296,28
14,52->19->5->96,3,78.48369407641349,0.0051094211668836,4.774695711559714,237.02158543918435,28
15,52->19->9->0->4->96,5,63.78270741990531,0.008596878873352,8.28198638238044,237.02158543918435,28
16,52->40->6->0->96,4,117.8183757689714,0.0065034124565241,9.48272492796548,329.225065645651,28
17,52->18->50->55->5->96,5,115.51562361105816,0.0082035489912309,3.0303458827448297,191.39825806115925,28
18,52->8->71->5->96,4,55.96905905010976,0.0070031171467477,5.1201135864508815,104.9906452443194,28
19,52->8->35->0->4->96,5,39.90176115582595,0.0124245007900364,9.318790641110626,104.9906452443194,28
20,52->19->9->4->5->96,5,105.86491211490254,0.0082336050958513,4.141683309716964,202.8870475816289,28
21,52->19->18->0->96,4,93.04466038046326,0.00462457596528,6.921470991165626,237.02158543918435,28
22,52->8->20->5->96,4,56.78412120989967,0.0069031823385388,6.701224152072496,104.9906452443194,28
23,52->18->0->13->5->96,5,72.8039050971172,0.0083967940847501,6.181263242014537,132.02530363108585,28
24,52->19->45->0->5->96,5,101.70661237669634,0.0092207665572692,4.134918756548508,195.0598831034584,28
25,52->19->18->0->4->96,5,66.23581777404365,0.0072946798125587,8.587472812589201,237.02158543918435,28
26,52->19->45->0->4->96,5,75.30522030674594,0.0082149389092333,7.385226162925992,195.0598831034584,28
27,52->19->18->7->5->96,5,97.14482441426442,0.0106423557371957,4.74660430132167,237.02158543918435,28
28,52->40->6->19->18->0->96,6,147.20146829451164,0.0089616611106376,13.282381852089284,444.7787074988309,28
29,52->40->6->18->0->96,5,114.50149034138984,0.0058525566157039,13.434624384500104,444.7787074988309,28
30,52->18->7->13->5->96,5,74.9922787761628,0.0102290171823732,5.01415986307217,132.02530363108585,28
31,52->40->24->7->3->0->96,6,126.86134130128086,0.0063660402246655,14.256351135371848,508.4479901465887,28
32,52->19->18->50->55->5->96,6,132.55101435438152,0.0109197091150328,4.469492525739437,237.02158543918435,28
33,52->19->60->33->54->0->96,6,154.38727453181798,0.0043924035876907,10.814252083390643,237.02158543918435,28
34,52->40->68->37->87->0->5->96,7,189.22804441449435,0.013338754703343,7.745684082735371,259.2512267791424,28
35,52->19->18->7->39->5->96,6,114.2768657843795,0.0121610988238543,4.238726515315466,237.02158543918435,28
1,52->18->0->96,3,76.00926963713992,0.0018911284788719,5.482324348171019,191.39825806115925,29
2,52->18->0->4->96,4,49.20042703072031,0.004568564824496,7.148326169594593,191.39825806115925,29
3,52->8->26->5->96,4,54.67184394729789,0.007020244694735,4.635326058370969,104.9906452443194,29
4,52->18->7->5->96,4,80.10943367094109,0.0079254339601771,3.3074576583270625,191.39825806115925,29
5,52->19->22->96,3,104.0888706151946,0.0048824634410687,6.668926761412449,237.02158543918435,29
6,52->18->0->5->96,4,75.60181910067071,0.005578090475268,3.8980187632171095,191.39825806115925,29
7,52->8->31->0->4->96,5,32.595099345668615,0.0094881357057065,8.997522501124422,87.36729559635947,29
8,52->18->7->39->5->96,5,97.24147504105616,0.0094483477389912,2.799579872320858,191.39825806115925,29
9,52->19->5->96,3,78.48369407641349,0.0051094211668836,4.774695711559714,237.02158543918435,29
10,52->19->26->5->96,4,85.33211317188263,0.0057636462204131,3.3698800742141355,129.61621770616708,29
11,52->19->9->4->96,4,76.10462171210511,0.0074882317174171,5.373128045900009,237.02158543918435,29
12,52->40->6->5->96,4,71.88285198784207,0.0065173839518483,7.805829597834694,437.82494266122296,29
13,52->19->18->0->96,4,93.04466038046326,0.00462457596528,6.921470991165626,237.02158543918435,29
14,52->19->9->4->5->96,5,105.86491211490254,0.0082336050958513,4.141683309716964,202.8870475816289,29
15,52->8->71->5->96,4,55.96905905010976,0.0070031171467477,5.1201135864508815,104.9906452443194,29
16,52->19->9->0->4->96,5,63.78270741990531,0.008596878873352,8.28198638238044,237.02158543918435,29
17,52->40->6->0->96,4,117.8183757689714,0.0065034124565241,9.48272492796548,329.225065645651,29
18,52->19->45->0->4->96,5,75.30522030674594,0.0082149389092333,7.385226162925992,195.0598831034584,29
19,52->19->18->0->4->96,5,66.23581777404365,0.0072946798125587,8.587472812589201,237.02158543918435,29
20,52->8->35->0->4->96,5,39.90176115582595,0.0124245007900364,9.318790641110626,104.9906452443194,29
21,52->40->6->18->0->96,5,114.50149034138984,0.0058525566157039,13.434624384500104,444.7787074988309,29
22,52->8->20->5->96,4,56.78412120989967,0.0069031823385388,6.701224152072496,104.9906452443194,29
23,52->8->41->5->96,4,70.16844484173127,0.0068394615602183,5.588022128735142,104.9906452443194,29
24,52->19->45->0->5->96,5,101.70661237669634,0.0092207665572692,4.134918756548508,195.0598831034584,29
25,52->19->18->7->5->96,5,97.14482441426442,0.0106423557371957,4.74660430132167,237.02158543918435,29
26,52->18->0->13->5->96,5,72.8039050971172,0.0083967940847501,6.181263242014537,132.02530363108585,29
27,52->40->6->19->18->0->96,6,147.20146829451164,0.0089616611106376,13.282381852089284,444.7787074988309,29
28,52->18->50->55->5->96,5,115.51562361105816,0.0082035489912309,3.0303458827448297,191.39825806115925,29
29,52->8->41->0->4->96,5,45.220932391797305,0.0113468481075127,10.420705252387588,104.9906452443194,29
30,52->19->60->33->54->0->96,6,154.38727453181798,0.0043924035876907,10.814252083390643,237.02158543918435,29
31,52->19->18->50->55->5->96,6,132.55101435438152,0.0109197091150328,4.469492525739437,237.02158543918435,29
32,52->40->24->7->3->0->96,6,126.86134130128086,0.0063660402246655,14.256351135371848,508.4479901465887,29
1,52->19->26->5->96,4,85.33211317188263,0.0057636462204131,3.3698800742141355,129.61621770616708,30
2,52->8->31->0->4->96,5,32.595099345668615,0.0094881357057065,8.997522501124422,87.36729559635947,30
3,52->18->0->96,3,76.00926963713992,0.0018911284788719,5.482324348171019,191.39825806115925,30
4,52->18->0->4->96,4,49.20042703072031,0.004568564824496,7.148326169594593,191.39825806115925,30
5,52->18->7->5->96,4,80.10943367094109,0.0079254339601771,3.3074576583270625,191.39825806115925,30
6,52->40->6->0->96,4,117.8183757689714,0.0065034124565241,9.48272492796548,329.225065645651,30
7,52->19->22->96,3,104.0888706151946,0.0048824634410687,6.668926761412449,237.02158543918435,30
8,52->19->5->96,3,78.48369407641349,0.0051094211668836,4.774695711559714,237.02158543918435,30
9,52->19->9->4->96,4,76.10462171210511,0.0074882317174171,5.373128045900009,237.02158543918435,30
10,52->8->41->5->96,4,70.16844484173127,0.0068394615602183,5.588022128735142,104.9906452443194,30
11,52->40->68->37->27->8->3->0->96,8,223.5914922931132,0.0095393914705063,13.843144049123008,487.2560359772219,30
12,52->19->45->0->5->96,5,101.70661237669634,0.0092207665572692,4.134918756548508,195.0598831034584,30
13,52->18->0->5->96,4,75.60181910067071,0.005578090475268,3.8980187632171095,191.39825806115925,30
14,52->40->6->5->96,4,71.88285198784207,0.0065173839518483,7.805829597834694,437.82494266122296,30
15,52->18->50->55->5->96,5,115.51562361105816,0.0082035489912309,3.0303458827448297,191.39825806115925,30
16,52->40->6->18->0->96,5,114.50149034138984,0.0058525566157039,13.434624384500104,444.7787074988309,30
17,52->19->60->33->54->0->96,6,154.38727453181798,0.0043924035876907,10.814252083390643,237.02158543918435,30
18,52->8->26->5->96,4,54.67184394729789,0.007020244694735,4.635326058370969,104.9906452443194,30
19,52->8->71->5->96,4,55.96905905010976,0.0070031171467477,5.1201135864508815,104.9906452443194,30
20,52->19->9->0->4->96,5,63.78270741990531,0.008596878873352,8.28198638238044,237.02158543918435,30
21,52->19->9->4->5->96,5,105.86491211490254,0.0082336050958513,4.141683309716964,202.8870475816289,30
22,52->19->18->0->96,4,93.04466038046326,0.00462457596528,6.921470991165626,237.02158543918435,30
23,52->8->20->5->96,4,56.78412120989967,0.0069031823385388,6.701224152072496,104.9906452443194,30
24,52->18->7->39->5->96,5,97.24147504105616,0.0094483477389912,2.799579872320858,191.39825806115925,30
25,52->19->18->0->4->96,5,66.23581777404365,0.0072946798125587,8.587472812589201,237.02158543918435,30
26,52->40->24->7->18->0->96,6,123.43456518764305,0.0063524638055224,14.784011827385644,502.5541629259638,30
27,52->18->7->13->5->96,5,74.9922787761628,0.0102290171823732,5.01415986307217,132.02530363108585,30
28,52->8->41->0->4->96,5,45.220932391797305,0.0113468481075127,10.420705252387588,104.9906452443194,30
29,52->19->45->0->4->96,5,75.30522030674594,0.0082149389092333,7.385226162925992,195.0598831034584,30
30,52->19->18->7->5->96,5,97.14482441426442,0.0106423557371957,4.74660430132167,237.02158543918435,30
31,52->40->24->7->3->0->96,6,126.86134130128086,0.0063660402246655,14.256351135371848,508.4479901465887,30
32,52->8->35->0->4->96,5,39.90176115582595,0.0124245007900364,9.318790641110626,104.9906452443194,30
33,52->8->26->7->18->0->4->96,7,48.52194631209497,0.0092505115651574,13.167264405016148,104.9906452443194,30
